ITEM_ID,2018-01-01,2018-02-01,2018-03-01,2018-04-01,2018-05-01,2018-06-01,2018-07-01,2018-08-01,2018-09-01,2018-10-01,2018-11-01,2018-12-01,2019-01-01,2019-02-01,2019-03-01,2019-04-01,2019-05-01,2019-06-01,2019-07-01,2019-08-01,2019-09-01,2019-10-01,2019-11-01,2019-12-01,2020-01-01,2020-02-01,2020-03-01,2020-04-01,2020-05-01,2020-06-01,2020-07-01,2020-08-01,2020-09-01,2020-10-01,2020-11-01,2020-12-01,2021-01-01,2021-02-01,2021-03-01,2021-04-01,2021-05-01,2021-06-01,2021-07-01,2021-08-01,2021-09-01,2021-10-01,2021-11-01,2021-12-01,2022-01-01,2022-02-01,2022-03-01,2022-04-01,2022-05-01,2022-06-01,2022-07-01,2022-08-01,2022-09-01,2022-10-01,2022-11-01,2022-12-01,2023-01-01,2023-02-01,2023-03-01,2023-04-01,2023-05-01,2023-06-01,2023-07-01,2023-08-01,2023-09-01,2023-10-01,2023-11-01,2023-12-01,2024-01-01,2024-02-01
520130,,,,,,,,,,,,,-0,-1,-0,-0,-0,1,1,2,3,3,4,4,6,7,6,6,4,3,6,9,9,9,6,10,8,5,5,6,13,13,9,6,7,6,9,5,7,9,11,11,8,6,8,12,10,11,9,11,9,9,8,9,7,6,5,4,2,2,3,3,5,4
520131,,,,,,,,,,,,,1,-0,1,-1,-1,-0,1,-1,-1,-1,-1,-1,-1,-2,-1,-3,-4,4,2,1,1,0,1,1,0,-1,-2,-1,4,-3,-4,0,0,0,0,1,0,2,3,4,3,1,5,4,3,2,2,3,2,4,4,5,4,6,4,2,2,4,3,2,3,1
520137,,,,,,,,,,,,,1,2,-0,3,2,-1,-1,-1,1,1,0,2,-1,-0,1,4,4,-0,2,4,2,2,4,3,7,6,6,-0,-2,4,2,1,2,3,3,5,-3,-1,3,2,3,1,2,7,7,4,4,5,8,8,5,8,8,9,9,4,6,8,5,4,4,2
520140,,,,,,,,,,,,,-4,-4,-5,-4,-5,-3,-9,-7,-6,-5,-5,-6,-1,-5,-7,-6,-5,-7,-4,-7,-8,-9,-8,-6,-6,-10,-6,-8,-3,1,3,1,-2,3,3,0,3,11,5,8,1,2,5,9,9,7,6,9,5,4,9,8,7,7,6,5,5,6,5,7,7,6
510439,,,,,,,,,,,,,,,,,,,,,,,,,,,,,,,,,,,,,,,,,,,,,,,,,,,,,,,,,,,,,,,,,,,,,,,,,8,7
510434,,,,,,,,,,,,,,,,,,,,,,,,,-15,-18,-14,1,5,-0,2,14,18,19,12,10,3,3,5,1,-4,0,-2,-5,-3,-11,-8,-4,5,4,4,2,5,5,5,8,10,15,13,8,-2,-1,-1,0,1,-1,-2,-0,2,5,1,2,7,14
520109,,,,,,,,,,,,,2,5,3,6,4,6,9,-1,2,-3,-1,3,3,-3,-6,-9,-7,-8,-11,-5,-8,-5,-15,-7,-8,-7,-3,-0,2,3,10,0,-2,0,7,-1,2,3,3,8,3,6,2,3,6,4,6,4,0,3,2,-3,-2,-2,-2,-1,1,-1,-1,-3,-0,-3
510429,,,,,,,,,,,,,2,3,3,3,3,2,1,0,1,3,1,1,0,-3,-0,18,15,16,16,2,3,2,2,6,7,16,11,-7,-6,-6,-6,9,8,10,11,7,5,4,5,7,10,8,8,8,7,9,7,9,7,5,5,4,3,3,2,2,5,5,5,3,6,5
510432,,,,,,,,,,,,,-9,-6,-4,-4,-2,-1,-4,-10,-8,-2,-3,-4,-3,-6,-10,-10,-13,-12,-8,-8,-6,-4,-8,-6,-7,-9,-4,-1,1,3,-0,4,-3,-7,1,1,5,4,5,7,7,8,4,6,11,11,6,6,10,13,10,6,9,2,9,10,4,7,8,12,9,5
510324,,,,,,,,,,,,,-6,-5,-2,-1,-1,-0,8,6,4,3,2,-1,4,1,-2,-6,-1,-2,-5,-5,-3,-2,-4,1,-0,2,3,8,3,4,6,5,5,7,11,10,8,7,10,6,6,6,5,7,5,6,5,3,8,9,7,9,9,9,6,1,4,1,3,4,-3,1
510328,,,,,,,,,,,,,-1,-4,-3,-4,-3,0,3,1,1,1,2,1,0,12,6,1,-1,-3,-7,-1,-2,-4,-11,-11,-17,-16,-12,-5,-0,8,9,-2,-3,4,12,12,14,-2,2,6,-2,-5,3,9,7,7,8,9,14,17,13,8,10,6,0,6,6,-3,-4,-6,-5,3
510330,,,,,,,,,,,,,-1,-2,3,1,1,0,1,1,-2,-1,-0,0,1,2,-1,-1,-1,2,3,-2,-1,-0,-6,-5,1,2,3,7,7,4,4,6,8,7,11,12,4,5,4,-0,-1,-1,-4,-3,-2,-2,-0,-1,-0,-2,2,1,3,-1,2,5,4,10,7,10,10,7
510336,,,,,,,,,,,,,1,0,2,-0,6,6,7,10,3,-1,-0,1,3,3,0,-2,-7,-1,-5,-0,-0,1,-3,-6,-2,0,1,4,3,-1,2,1,-0,1,1,5,1,-1,1,1,-1,2,4,1,6,4,8,5,7,8,10,11,13,4,-2,-2,-1,-1,-4,-1,-0,-0
510340,,,,,,,,,,,,,2,-0,5,1,3,-3,-0,-7,-3,5,-4,3,-1,-7,-13,-11,-4,1,0,10,4,-2,0,-7,-6,-2,-2,-1,-5,-6,-9,-10,-6,-1,-3,3,-1,-3,5,-5,0,1,-0,-2,-3,-2,2,0,1,5,-7,8,10,20,11,13,8,2,-4,17,8,5
510344,,,,,,,,,,,,,2,1,2,1,1,6,4,-5,4,5,7,2,8,6,2,6,6,2,11,11,-0,-0,-4,2,1,-3,0,-3,-0,3,-2,-5,4,2,2,-1,3,4,4,2,2,7,-0,-3,-2,5,9,6,7,13,20,21,22,17,29,35,32,22,21,23,18,8
510347,,,,,,,,,,,,,4,-3,-6,-2,-1,-0,4,1,6,7,11,7,4,3,5,1,-8,-3,-0,-3,-14,-15,-20,-17,-13,-10,-10,-4,0,-3,-5,-6,-5,1,7,5,1,3,8,2,8,6,7,12,14,10,13,12,9,10,13,15,11,6,8,8,9,6,-0,2,0,1
510348,,,,,,,,,,,,,-1,-1,-1,-1,-2,3,1,-2,1,1,2,-0,4,1,3,2,4,1,10,10,10,16,5,9,6,10,12,9,8,4,-3,5,5,-2,7,9,7,0,17,14,18,37,47,28,29,26,20,14,12,21,4,7,9,-2,-4,11,13,12,19,17,23,17
510349,,,,,,,,,,,,,-5,-3,0,-2,0,2,2,0,2,-1,-0,1,-4,-3,-9,-10,-7,-9,-3,-4,-5,1,-2,-2,4,4,15,17,16,22,18,14,12,9,10,10,7,7,5,-0,-4,-5,-3,-1,1,2,2,4,6,8,9,19,18,15,10,15,15,13,14,10,4,3
510350,,,,,,,,,,,,,,,,,,,,,,,,,,,,,,,,,,,,,,,,,,,,,,,,,7,7,14,11,6,5,3,6,5,5,7,7,6,6,3,3,5,4,0,-1,-1,-0,-0,0,-6,-3
510351,,,,,,,,,,,,,,,,,,,,,,,,,,,,,,,,,,,,,,,,,,,,,,,,,3,8,8,6,2,5,7,9,10,14,15,13,15,21,22,19,16,11,15,10,9,4,0,5,7,1
510352,,,,,,,,,,,,,,,,,,,,,,,,,,,,,,,,,,,,,,,,,,,,,,,,,4,9,24,10,9,9,6,2,-1,2,-6,-3,0,6,0,7,6,9,11,9,16,17,24,22,18,8
510436,,,,,,,,,,,,,,,,,,,,,,,,,,,,,,,,,,,,,,,,,,,,,,,,,,,,,,,,,,,,,-4,-1,-1,6,6,3,-2,13,9,12,16,15,19,14
510437,,,,,,,,,,,,,,,,,,,,,,,,,,,,,,,,,,,,,,,,,,,,,,,,,,,,,,,,,,,,,3,0,-1,5,6,2,9,7,6,5,1,8,9,10
510438,,,,,,,,,,,,,,,,,,,,,,,,,,,,,,,,,,,,,,,,,,,,,,,,,,,,,,,,,,,,,5,6,12,6,5,4,2,1,1,0,-0,2,0,-2
510353,,,,,,,,,,,,,,,,,,,,,,,,,,,,,,,,,,,,,,,,,,,,,,,,,,,,,,,,,,,,,,,,,,,,,,,,,12,1
510528,,,,,,,,,,,,,-2,-4,-6,-6,-6,-3,-4,-4,-6,-4,-4,1,-3,-3,-3,-8,-9,-11,-6,-5,-1,2,-3,-6,-4,-7,-8,1,8,8,3,2,-1,-5,-1,12,2,5,5,13,7,9,8,10,17,16,8,6,30,32,33,21,19,18,22,21,10,15,23,8,2,3
510104,,,,,,,,,,,,,-4,-3,-0,-3,-0,1,5,8,4,5,4,7,5,2,0,-1,-6,-2,13,2,0,1,-9,-7,-10,-12,-11,-5,1,-1,-10,-8,-9,-8,-1,1,2,8,8,5,7,4,3,7,11,12,11,6,13,12,11,9,4,7,7,12,11,12,12,12,2,2
510106,,,,,,,,,,,,,1,1,1,-0,1,6,5,4,1,3,3,0,-2,-2,-4,-4,-8,-3,-1,-1,1,-2,-6,-2,-2,-9,-3,-0,5,1,1,1,-2,0,6,4,5,13,9,6,5,6,5,7,9,7,6,5,7,6,5,5,2,2,3,2,2,2,-2,2,3,3
510108,,,,,,,,,,,,,-0,4,-6,-7,-1,1,-0,2,3,4,2,4,2,1,5,7,2,6,15,-1,-3,-2,-7,-7,-10,-18,-19,-7,-12,-13,-14,-7,-9,-9,-4,-2,3,12,10,2,9,10,7,6,7,6,9,9,10,11,10,6,3,6,7,9,10,7,3,4,4,2
510109,,,,,,,,,,,,,-1,-1,-3,-3,-2,-2,-1,-2,-2,-1,-1,-1,0,-0,-2,-6,-5,-0,-1,-2,1,1,-5,-2,-15,-11,-9,-4,-2,-6,-3,-4,-10,-7,0,2,12,11,12,10,7,8,9,12,17,14,13,10,13,12,10,9,9,9,7,5,4,2,1,1,0,-1
510113,,,,,,,,,,,,,-1,-2,-4,-1,0,-1,0,-2,-4,-3,-4,-6,-4,-4,-0,-3,-12,-3,-6,1,3,-2,-8,-2,-7,-10,-10,-4,9,-1,1,-4,-5,1,4,2,6,9,10,4,4,3,3,8,7,10,10,8,10,11,10,8,7,8,7,3,5,2,1,5,3,4
510117,,,,,,,,,,,,,0,-0,2,1,1,7,3,2,2,1,2,3,3,2,-1,-8,-10,-7,-11,2,-1,-0,-8,-4,-12,-7,-6,4,8,5,10,-3,-3,-2,5,2,13,9,9,6,5,4,5,8,6,8,9,9,8,9,9,10,10,9,8,8,11,6,4,6,5,3
510118,,,,,,,,,,,,,3,-0,-0,1,0,7,4,-2,-1,-1,-2,-3,-1,-1,-6,-8,-12,-7,-4,-1,-5,-4,-7,-3,-15,-14,-13,-5,0,-5,-2,-4,-2,-2,2,-1,13,13,15,9,8,7,5,5,7,7,9,11,10,10,9,11,10,10,10,12,11,9,5,4,1,3
510120,,,,,,,,,,,,,-10,-3,0,-0,5,8,2,3,-1,3,-1,0,2,0,-4,-5,-7,-1,6,-0,-0,1,-5,1,-2,-8,-1,8,4,3,1,1,-3,-2,5,-0,5,10,9,7,10,8,6,7,11,10,9,12,9,10,6,6,6,3,6,6,5,4,3,1,2,1
510128,,,,,,,,,,,,,-4,-4,-5,-4,-5,-3,4,2,-0,-0,2,0,-1,-1,-3,-4,-5,-5,-10,-11,-10,1,1,2,19,15,13,16,16,15,15,17,10,-4,-9,-2,-11,-7,29,32,34,34,23,20,37,38,42,43,38,37,-1,-5,-5,-8,17,20,11,9,9,3,3,12
510130,,,,,,,,,,,,,2,2,-1,-0,1,3,2,2,-3,-1,-0,-1,-3,-4,-10,-13,-14,-11,-9,-10,-10,-9,-17,-7,-15,-9,-9,-4,-1,-3,-3,-4,10,9,18,12,24,17,24,23,22,21,20,22,3,1,-1,-4,2,8,3,0,-0,0,1,1,-2,0,-3,4,-2,-6
510131,,,,,,,,,,,,,-1,-0,0,-1,-0,3,1,2,-4,-2,-4,-2,-2,-3,-3,-8,-13,-8,-7,-5,-6,2,-2,-1,-4,-8,-7,1,11,5,7,4,3,2,4,4,4,13,13,9,7,7,8,11,13,10,7,6,12,6,10,9,9,9,7,4,7,5,6,4,4,5
510132,,,,,,,,,,,,,-3,-3,-6,-4,-3,-3,-4,-3,-2,-3,-2,-1,-0,-1,-0,-5,-2,-1,2,0,-1,-1,-6,-2,-3,-5,-8,-3,-3,-2,-5,-5,-2,1,5,1,5,3,11,12,11,11,11,12,12,12,11,13,11,18,16,15,14,14,16,15,11,11,9,9,11,8
510133,,,,,,,,,,,,,,,,,,,,,,,,,,,,,,,,,,,,,,,,,,,,,,,,,6,2,3,5,2,3,-0,-1,5,3,4,8,3,7,7,5,5,4,3,4,1,1,-3,-2,3,3
510134,,,,,,,,,,,,,,,,,,,,,,,,,,,,,,,,,,,,,,,,,,,,,,,,,,,,,,,,,,,,,11,13,12,7,8,9,9,6,5,3,2,5,7,3
510413,,,,,,,,,,,,,-1,-0,-1,-1,-1,-1,-1,-0,-0,2,-0,-1,0,-0,-1,-4,-1,5,3,4,2,2,0,3,-0,-3,-1,3,1,-4,-3,-3,-2,-3,0,-1,2,6,5,5,3,4,3,4,6,9,8,8,7,5,9,9,8,8,10,9,8,4,5,6,5,4
510419,,,,,,,,,,,,,-1,1,1,2,3,3,2,2,2,3,3,3,1,2,-0,-4,-1,-2,-4,-2,-3,-6,-7,-6,-6,-1,1,6,5,4,5,5,6,4,5,10,13,6,6,9,5,6,11,10,14,20,23,16,15,19,19,15,17,17,14,13,6,5,3,5,5,0
510433,,,,,,,,,,,,,4,2,1,5,9,8,5,-0,-1,-6,-8,-7,-3,-3,-0,-6,-5,-9,-7,-0,-0,8,-1,-1,9,9,6,7,4,9,10,10,10,10,19,19,7,7,13,14,13,15,14,10,12,6,4,3,-0,0,-2,-1,-1,-4,-3,-2,-0,1,2,2,8,9
510501,,,,,,,,,,,,,2,3,2,1,1,2,2,2,1,3,2,2,1,1,1,-4,-6,-3,-2,-2,-4,-4,-7,-8,-15,-14,-14,-4,4,1,3,3,3,3,2,5,21,17,15,10,6,8,5,5,6,3,8,6,4,6,8,6,5,3,4,4,3,4,5,4,3,1
510515,,,,,,,,,,,,,-2,-7,-6,-7,-8,-6,-6,-4,-4,0,-6,-3,-2,0,-2,-7,-4,-7,-3,-3,-7,-5,-5,-8,-12,-15,-11,-6,-4,-4,-4,-6,-5,-2,-3,5,11,16,12,12,9,12,11,6,8,8,9,4,4,6,5,5,7,7,8,12,8,6,6,9,6,3
510516,,,,,,,,,,,,,-1,-5,-6,-10,-8,-6,-1,-2,-1,-3,3,-2,2,4,1,6,3,-2,1,0,3,2,-1,1,2,-3,3,3,3,8,7,7,5,2,3,4,7,11,6,13,10,12,8,11,7,9,9,9,5,8,8,2,1,2,5,3,10,8,7,5,5,1
510535,,,,,,,,,,,,,-2,-5,-5,-5,-7,-6,-5,-6,-5,-4,-1,-2,1,1,1,-4,-1,1,2,3,0,2,-3,-4,-4,-5,-3,3,3,2,-1,1,2,-2,0,3,0,3,3,4,3,1,1,-0,-1,4,4,4,5,3,0,-3,-1,0,-3,2,4,2,3,3,1,4
510534,,,,,,,,,,,,,0,1,0,-2,-1,0,0,1,-2,1,3,3,0,2,0,-2,-3,-2,2,3,2,0,2,6,8,8,7,20,11,12,9,10,12,11,7,-1,2,0,1,-5,-2,-2,-2,-2,-2,1,-0,4,2,4,6,4,9,8,7,5,7,6,5,7,9,4
510206,,,,,,,,,,,,,-1,-5,-3,-2,0,2,-2,-1,-4,-1,3,-1,-1,-1,-4,-2,-0,-6,-7,-1,0,1,-6,-4,-7,-15,-4,-4,-2,9,14,2,3,3,8,15,19,27,24,19,16,12,13,17,10,12,11,2,2,7,5,3,0,3,1,1,6,1,2,10,5,3
510208,,,,,,,,,,,,,-1,1,1,3,1,7,12,10,7,7,3,-0,3,4,1,-3,-17,-9,-8,-11,-7,-2,-7,-7,-12,-17,-14,-10,17,6,8,-0,3,-1,4,16,19,24,28,23,19,17,16,22,11,10,12,9,4,11,7,11,4,5,6,4,9,10,9,3,7,4
510212,,,,,,,,,,,,,-6,-7,-7,0,-3,-7,-9,-3,2,1,3,5,-0,1,1,-4,-8,0,14,-3,-1,3,-8,-3,-1,-9,-5,0,17,12,6,2,-3,-8,2,-3,3,13,16,17,6,3,3,11,12,15,15,12,11,18,16,12,16,15,18,12,8,9,4,6,6,3
510215,,,,,,,,,,,,,-3,-6,-2,-4,-3,1,-1,-1,3,-0,-4,-4,-4,-0,-5,-7,5,4,6,4,-1,4,4,9,10,1,3,10,3,6,8,11,12,10,5,10,4,10,10,11,10,7,5,4,7,9,11,3,5,8,6,5,6,7,4,4,4,1,5,4,5,2
510219,,,,,,,,,,,,,-6,-4,-7,-2,-3,-3,-6,-6,-6,-3,-6,-10,-4,-1,-5,-14,-8,-11,-1,-5,-6,-2,-6,-3,-11,-13,-9,6,9,20,11,3,2,-1,5,9,18,18,16,9,1,-0,0,12,11,10,8,6,5,8,5,5,5,9,2,1,4,4,6,8,6,15
510223,,,,,,,,,,,,,-5,-3,-1,2,5,12,3,10,5,2,2,3,-4,-1,-5,-1,-11,-11,-9,-11,-11,-2,-4,-3,-4,-16,-11,-17,-1,0,5,-4,-9,-12,-8,-7,-1,11,7,6,0,-4,-7,-3,2,3,4,4,2,3,1,2,1,9,9,11,8,5,5,5,3,5
510233,,,,,,,,,,,,,-3,-4,-3,-6,-6,-7,-4,7,3,6,4,-0,2,-0,-0,1,4,0,6,-7,-2,-3,-4,-3,-7,-8,-5,-3,-3,8,1,6,2,6,6,8,15,17,16,16,16,10,9,15,9,5,7,15,9,12,10,6,8,9,5,3,11,14,7,-1,3,1
510235,,,,,,,,,,,,,5,6,2,3,5,7,6,-1,-1,3,3,-0,-5,-2,-1,2,-5,2,-1,5,1,-1,-3,-5,-1,-9,-5,-8,-2,-9,-5,-10,-12,-12,-7,-2,0,8,2,0,-1,-2,5,1,6,4,0,1,2,4,10,9,12,8,2,8,9,9,9,8,7,5
510236,,,,,,,,,,,,,-7,-3,1,1,-0,-2,2,3,1,5,2,-2,6,9,-1,-1,2,-4,7,2,-1,1,1,3,-9,-19,-14,-8,-11,-0,-9,-1,-1,-4,-4,-1,11,17,19,11,11,11,9,6,9,12,15,14,8,11,7,6,10,3,1,0,2,2,-6,-1,0,4
510237,,,,,,,,,,,,,9,9,8,3,2,4,1,-0,1,6,-0,-1,-3,-5,-6,-6,-10,-7,-3,-2,-9,-3,-9,-6,-14,-22,-19,-9,4,3,-0,-6,-5,-8,4,1,3,10,11,11,4,2,5,5,11,5,0,6,6,11,12,8,7,9,8,6,7,9,8,7,18,7
510245,,,,,,,,,,,,,-1,-3,4,2,-0,3,6,2,6,5,3,-0,6,2,-1,-12,-10,-6,-3,-5,-6,-3,-14,-14,-14,-23,-23,-8,2,-1,-2,-2,-2,-4,8,8,7,24,26,22,9,5,8,8,12,10,3,3,4,9,9,7,9,10,8,11,5,7,10,10,4,-1
510248,,,,,,,,,,,,,-3,4,7,4,5,2,9,6,11,16,10,10,13,6,-0,0,1,3,7,4,1,3,1,3,-8,-17,-6,-2,-2,3,3,3,2,-2,2,4,14,28,20,20,17,10,11,12,12,15,10,8,12,8,10,8,9,10,8,13,17,10,8,12,10,13
510250,,,,,,,,,,,,,-6,-11,-10,-9,-9,-8,-8,-8,-1,3,7,2,3,8,0,-3,-1,0,2,-1,-3,-3,-10,-6,-5,-7,-4,4,6,7,7,6,-1,-1,5,10,6,8,10,6,3,1,2,4,0,-0,-4,-9,-2,4,5,5,6,7,4,4,9,4,8,9,7,6
510257,,,,,,,,,,,,,1,-1,-5,-3,-5,-0,2,1,-0,1,5,4,-1,1,-5,-8,-19,-8,-2,-4,-7,-7,-14,-5,-8,-16,-8,-4,15,5,2,-0,6,6,17,9,18,23,25,25,21,15,14,15,8,9,8,5,-4,3,-1,-2,-0,1,1,0,1,2,-2,-3,4,1
510258,,,,,,,,,,,,,-1,-1,-4,-2,1,-2,0,-1,3,2,1,-2,1,0,4,3,-0,2,0,2,-0,3,-2,3,5,4,2,2,3,3,4,4,1,-2,2,0,-3,1,-3,-1,3,2,5,8,11,12,12,14,12,14,17,15,11,12,10,6,9,8,7,5,7,6
510259,,,,,,,,,,,,,6,-0,1,2,0,-4,1,-1,-2,-2,1,-1,-2,3,10,-0,5,6,-0,-11,-12,-2,-14,-17,-11,-20,-23,-12,-18,-8,-0,4,-5,-11,4,4,-1,8,15,9,13,5,2,2,13,10,6,9,8,7,-0,-2,-1,3,2,-2,-4,2,2,4,1,1
510405,,,,,,,,,,,,,-10,-5,-9,-3,-5,-4,-8,-12,-8,-7,-8,-7,1,-6,-4,-4,-4,-5,11,7,4,4,-0,-2,-2,-2,6,1,3,4,-5,-2,-1,2,5,6,5,8,1,8,6,5,5,5,8,5,5,5,3,6,12,5,9,13,12,16,12,10,7,11,9,7
510406,,,,,,,,,,,,,2,3,0,1,2,2,1,-1,1,-0,2,3,2,3,4,3,3,1,5,5,2,3,4,2,6,4,3,3,3,5,1,1,2,3,2,2,2,3,5,5,4,4,5,6,7,5,6,8,5,8,7,7,9,8,11,11,10,9,6,5,5,1
510407,,,,,,,,,,,,,1,1,1,-0,0,-0,-3,-2,1,1,1,-1,1,-0,-0,4,-2,6,10,7,6,7,2,3,2,3,3,1,4,-1,-2,-2,-3,-1,3,1,4,4,5,4,5,3,2,3,5,5,2,3,2,5,6,3,8,6,9,11,7,6,9,11,5,4
510506,,,,,,,,,,,,,1,-5,-3,-4,-3,-5,-5,-12,-10,-7,-6,-2,-4,-3,-4,-11,-11,-11,-5,-2,-5,-3,-5,-4,-7,-12,-8,-0,2,1,-1,-4,-4,1,-3,-3,7,10,9,6,6,5,6,4,12,2,7,4,-1,-2,-1,-2,-3,1,-2,-0,-5,-4,-6,-4,-8,-9
510529,,,,,,,,,,,,,-5,-6,-11,-11,-15,-16,-11,-7,-8,-1,-4,-4,-9,-8,-4,-4,4,3,6,-3,-2,-4,-7,-6,-9,-10,-12,-10,-15,-12,-16,-13,-14,-16,-9,-8,3,-1,-1,-3,3,3,8,7,6,7,3,-2,-1,8,9,19,18,18,15,13,12,9,10,11,8,6
510530,,,,,,,,,,,,,-0,-5,-4,-4,-5,-6,-1,-1,-2,-0,0,0,1,3,1,-3,-3,-2,1,0,1,0,-2,-2,-5,-8,-3,2,5,8,2,0,0,1,3,2,6,9,4,3,-0,-4,-3,-1,1,1,2,0,2,3,1,-0,-2,5,6,5,3,2,1,3,-1,-1
310207,,,,,,,,,,,,,1,1,2,1,1,0,-1,1,-2,-0,1,-0,1,-0,-0,-1,-1,0,2,-2,-0,-0,-1,-0,-1,-1,-1,0,0,-0,-1,1,2,1,1,1,1,2,4,4,4,4,4,4,4,6,6,6,7,10,9,11,13,13,13,16,16,15,15,14,12,8
310215,,,,,,,,,,,,,4,4,3,1,0,2,-0,-3,-2,5,5,5,1,-1,-3,1,3,3,4,2,1,2,-2,2,-3,-1,4,0,0,0,-4,1,3,-2,1,1,2,3,1,1,0,1,1,3,3,6,7,3,14,6,7,10,12,9,13,16,15,14,13,16,8,12
310216,,,,,,,,,,,,,1,4,6,-2,2,7,6,3,-0,1,4,1,-2,-1,1,13,6,2,-1,-1,-1,-1,-2,7,3,1,-3,-6,-3,-3,-1,1,1,1,2,-0,-2,-1,2,1,1,0,2,-0,2,1,1,4,7,6,7,10,7,10,11,11,11,11,10,9,7,9
310219,,,,,,,,,,,,,1,2,2,2,3,3,4,1,3,0,2,2,2,-2,-1,0,3,3,2,-2,-4,-2,-1,-2,-5,-1,-2,-3,-3,-6,-5,0,-1,2,1,1,2,3,4,5,2,4,5,2,6,5,7,8,8,7,5,8,9,11,11,14,11,10,12,12,13,12
310220,,,,,,,,,,,,,-1,0,-1,-4,-3,-3,-5,-3,-3,1,-3,0,-1,-2,-1,-0,-1,-1,-1,-1,-2,-2,-1,-2,-2,-0,-1,1,0,0,1,-1,0,-1,-1,-0,1,2,2,2,5,3,6,8,7,11,10,9,11,9,11,11,10,12,12,12,15,12,12,13,10,11
310222,,,,,,,,,,,,,-0,-0,-0,-0,-0,3,1,0,0,4,1,0,-1,2,1,1,1,-2,-3,-0,0,-1,1,-2,-2,-5,-4,-5,-2,-4,-3,-2,-3,-2,-2,-1,3,4,5,6,4,8,8,7,8,7,8,9,7,8,9,8,8,10,9,13,13,13,13,13,11,10
310401,,,,,,,,,,,,,-0,-3,-1,-0,-4,-0,-1,-1,-3,3,-3,-0,-1,0,-0,4,2,4,5,-4,1,-1,-1,1,2,-2,1,-4,1,-1,-4,2,4,-2,6,3,-0,0,4,2,1,1,3,4,4,4,4,5,5,9,7,5,6,6,4,8,8,11,7,10,10,8
310403,,,,,,,,,,,,,-3,0,-2,-1,-1,-1,-1,2,-2,3,2,-0,2,-2,4,2,6,4,5,1,2,0,3,6,2,3,-1,3,-3,3,-1,1,1,-1,-0,-2,-1,-2,2,-1,3,-5,2,2,1,4,4,2,7,5,6,6,5,8,5,9,14,9,9,12,9,8
310406,,,,,,,,,,,,,5,6,3,4,1,2,0,3,2,2,7,3,3,0,3,1,7,-1,1,3,1,-1,-2,-5,2,-1,0,1,0,5,4,4,4,5,8,13,1,4,4,-1,3,4,1,1,5,6,-1,2,5,4,3,7,6,4,8,14,17,15,18,19,17,18
310423,,,,,,,,,,,,,-3,0,-6,-8,0,1,4,-4,5,-3,1,0,2,6,7,8,0,0,-5,2,-0,3,1,-3,-1,-8,-4,-5,3,-4,8,-0,3,3,4,13,3,11,11,5,6,9,5,10,7,4,8,9,7,7,5,14,8,10,9,9,7,10,6,7,6,5
310428,,,,,,,,,,,,,-0,-0,3,-1,-2,2,1,1,2,-4,3,-3,4,3,-1,13,5,2,3,1,-1,1,-8,-7,-2,4,4,-5,-2,3,-1,2,5,6,11,4,2,3,3,-4,2,-2,4,5,4,5,7,8,8,6,1,14,8,8,4,3,5,5,5,4,-0,2
310429,,,,,,,,,,,,,-5,-4,-5,-0,-3,-1,-3,1,-2,2,-1,-0,5,2,5,3,8,4,7,1,2,0,6,8,-1,0,2,3,-3,2,-2,3,4,-1,0,3,1,-1,2,1,1,-0,3,4,-0,6,3,2,6,5,5,3,7,6,3,9,10,10,10,9,6,8
310430,,,,,,,,,,,,,,,,,,,,,,,,,,,,,,,,,,,,,1,0,1,2,-1,-1,0,1,1,-1,-1,1,0,1,3,3,4,3,4,8,9,13,15,15,14,14,12,12,11,12,12,8,6,2,1,1,2,1
310431,,,,,,,,,,,,,,,,,,,,,,,,,,,,,,,,,,,,,,,,,,,,,,,,,,,,,,,,,,,,,,,,,,,,,,,,,8,11
212006,,,,,,,,,,,,,1,1,-1,-1,0,1,1,1,-0,0,1,2,2,1,3,5,3,0,0,0,1,1,-0,-0,1,1,2,0,0,-0,-0,1,5,6,8,8,8,8,7,7,8,8,18,18,16,14,15,11,17,20,18,22,18,26,16,17,16,12,14,14,12,10
212008,,,,,,,,,,,,,-7,-5,-7,-8,-7,-1,-8,-3,-3,-5,-0,-1,0,-4,-3,-1,-5,-3,1,2,1,2,-1,-1,-3,-4,-4,-6,-5,-7,-7,-5,-5,-5,-3,-1,-2,7,9,11,15,22,20,21,25,28,42,44,40,37,35,36,30,27,27,25,22,19,8,4,7,7
212010,,,,,,,,,,,,,3,5,3,3,4,2,0,5,2,2,6,5,1,3,3,3,5,5,6,-0,-1,3,-2,2,5,2,2,1,-1,-3,-6,4,5,9,12,2,8,12,21,15,21,30,36,25,33,26,27,35,31,27,24,30,25,20,18,18,13,14,11,10,10,8
212015,,,,,,,,,,,,,6,5,7,2,2,1,2,-0,1,2,1,2,2,3,4,4,6,4,3,6,6,5,7,5,6,8,8,6,1,3,4,4,1,1,1,0,2,5,2,3,9,8,5,4,4,10,16,15,15,12,11,11,11,11,9,9,6,3,-1,-1,-0,0
212017,,,,,,,,,,,,,5,6,6,6,6,6,5,5,4,6,5,7,7,8,8,3,3,8,8,4,6,3,4,3,5,3,4,3,2,-0,-4,1,-1,-0,1,-0,-2,-0,-0,2,4,1,5,5,7,11,12,12,12,11,10,10,11,14,14,14,13,9,8,9,9,8
212021,,,,,,,,,,,,,4,4,4,4,4,4,8,6,4,6,10,6,8,6,7,3,6,4,3,1,5,1,-2,-2,-2,-2,-4,-1,-1,-2,-1,1,-0,2,0,-0,-0,4,9,9,6,6,13,14,16,19,21,21,22,23,18,17,21,23,14,14,11,12,12,13,11,8
212022,,,,,,,,,,,,,1,1,-1,-3,0,0,-1,3,5,8,3,5,9,10,9,10,8,8,8,9,7,4,4,4,6,4,1,2,4,4,7,4,4,7,14,9,6,11,18,13,12,11,15,16,17,21,16,27,22,17,12,21,17,21,14,12,11,7,10,6,3,-1
212023,,,,,,,,,,,,,10,11,7,-1,5,3,-10,-6,-4,0,1,3,-1,5,9,9,14,12,15,4,6,5,-3,-1,-0,-4,-8,-8,-5,-13,-7,-4,-1,-2,3,2,2,5,3,9,5,7,3,4,3,7,11,17,15,10,13,6,9,18,16,19,16,13,7,6,5,6
212024,,,,,,,,,,,,,4,-8,-3,-1,6,-3,-1,-7,-1,0,2,3,-2,6,0,0,-0,9,5,1,1,1,-1,-4,3,-3,0,3,-4,-4,-0,6,3,2,8,8,12,15,15,13,23,19,15,22,15,20,21,16,16,18,15,20,19,18,22,15,17,12,16,19,11,11
212025,,,,,,,,,,,,,,,,,,,,,,,,,2,5,-4,-1,0,1,-4,-4,-1,-1,1,-2,-1,-2,-4,1,-1,-3,-0,1,0,0,-1,2,-2,0,11,2,9,5,9,8,8,12,13,18,17,17,11,9,7,8,9,9,6,2,3,-2,-0,-4
210324,,,,,,,,,,,,,,,,,,,,,,,,,,,,,,,,,,,,,-7,-3,-11,-12,-12,-3,-11,-9,-6,-1,3,3,0,4,5,7,10,10,16,22,23,12,9,18,14,16,27,26,17,20,12,11,11,8,17,8,6,5
210102,,,,,,,,,,,,,3,3,3,6,5,4,2,1,2,1,-1,0,1,-2,-2,-1,-1,0,1,-2,-0,1,1,-1,-1,-0,0,-0,0,4,4,5,5,3,6,7,7,7,8,7,8,8,9,11,9,11,12,16,16,17,15,16,15,12,11,10,11,10,10,7,6,7
210106,,,,,,,,,,,,,4,6,4,2,1,1,1,0,0,0,3,1,0,-0,0,-1,0,-2,-2,2,1,2,-0,-2,-1,-1,-0,2,1,5,6,3,3,5,4,7,8,10,9,10,12,13,12,13,13,9,14,14,12,12,11,9,7,6,6,6,5,7,4,5,5,3
210111,,,,,,,,,,,,,-0,3,3,3,4,2,3,3,-2,-3,-4,-3,-3,-6,-6,-7,-8,-6,-7,-5,-1,-0,-1,-3,-1,1,2,3,2,1,1,-1,1,0,1,3,2,3,3,4,8,11,15,17,19,21,27,28,27,29,29,28,22,20,15,13,11,10,4,3,3,-2
210113,,,,,,,,,,,,,1,4,5,4,5,2,4,3,-1,-3,-3,-1,-3,-6,-6,-6,-6,-3,-7,-3,-0,1,1,-2,-1,2,2,2,-3,-1,-0,-2,-1,-2,-1,-0,1,1,1,2,10,11,14,16,19,21,28,30,30,28,27,27,22,18,15,11,9,8,-0,-1,-2,-4
210320,,,,,,,,,,,,,0,1,-3,1,3,-0,3,4,-1,4,-1,-2,-1,2,-3,-2,5,8,-1,2,2,1,0,3,-0,0,2,-1,-6,-6,-2,2,-0,-2,2,7,8,11,9,11,15,12,17,15,15,21,20,11,18,11,25,16,15,13,16,11,16,10,14,16,8,11
210321,,,,,,,,,,,,,-8,-2,-1,14,6,1,-5,0,-3,-4,1,7,12,1,9,-14,2,-9,13,-4,-6,9,8,5,7,11,1,23,2,30,8,23,17,2,2,9,4,6,9,10,14,13,19,4,23,20,21,13,19,22,23,29,27,19,17,27,18,16,2,8,13,3
210115,,,,,,,,,,,,,,,,,,,,,,,,,,,,,,,,,,,,,,,,,,,,,,,,,,,,,,,,,,,,,,,,,,,,,,,,,3,2
210302,,,,,,,,,,,,,-3,-3,-3,-1,-2,0,1,2,1,-1,0,1,1,8,9,11,11,10,9,7,8,9,10,9,9,5,7,4,3,3,2,5,3,4,3,4,5,4,5,11,13,16,19,19,21,20,18,19,20,21,26,23,22,19,19,18,19,21,21,21,19,16
210211,,,,,,,,,,,,,4,5,4,6,6,7,10,8,8,7,8,8,6,5,4,3,1,2,-1,0,1,2,-8,0,0,-1,0,0,-0,-1,-0,-2,-2,-2,9,1,2,2,2,3,6,5,3,10,10,7,9,11,11,12,16,15,14,17,22,15,15,19,10,12,12,10
210213,,,,,,,,,,,,,3,2,0,0,4,3,4,4,5,1,9,-1,0,-1,7,-2,-3,-1,-2,-1,7,2,-3,-2,-3,2,-4,8,2,-0,-1,-1,-4,-3,2,3,2,-3,2,-1,3,3,7,2,5,9,3,5,10,10,7,8,13,11,5,13,11,10,11,9,5,5
210214,,,,,,,,,,,,,-3,-3,-1,-1,1,0,0,5,3,3,1,3,6,4,6,6,7,3,7,4,3,-3,7,-0,-2,-2,-3,-1,-5,-2,-4,-2,-0,5,1,0,5,6,9,6,11,10,7,7,7,10,7,12,6,7,6,4,8,7,8,9,10,7,10,7,10,7
210215,,,,,,,,,,,,,7,-2,1,8,-0,-5,-0,2,3,-3,3,7,-14,-3,-2,9,-12,-10,-4,-7,-11,2,-5,-5,12,4,-11,-22,11,1,-7,-4,-2,-10,-6,-1,-5,-5,-3,-1,-3,-9,1,-11,4,5,3,-5,-4,1,6,8,1,20,13,27,17,10,10,11,18,9
210216,,,,,,,,,,,,,-2,-3,-3,4,5,5,3,3,3,8,7,5,4,6,7,6,4,3,4,2,1,-3,-2,2,1,-5,-4,-6,-6,-5,-5,-4,-2,2,1,2,1,12,5,5,7,7,9,15,13,11,14,16,22,15,19,15,21,19,14,9,13,13,11,5,4,6
210219,,,,,,,,,,,,,,,,,,,,,,,,,,,,,,,,,,,,,-13,-10,-7,-13,-16,-9,-12,-12,-9,-4,5,5,6,3,4,7,15,7,11,17,12,9,13,14,18,18,21,18,17,21,13,15,14,19,9,12,8,7
211305,,,,,,,,,,,,,4,7,0,4,-3,2,-2,-6,-6,-1,3,-3,-9,-10,2,3,1,-4,-0,-1,2,-4,-6,-2,7,5,3,-5,4,6,0,4,6,11,16,10,7,6,12,16,12,22,30,32,28,27,26,29,25,24,16,14,10,4,-1,-8,-3,-9,-8,-11,-9,-7
211306,,,,,,,,,,,,,0,1,2,0,1,2,1,-1,-0,0,-1,-1,-0,-0,-0,1,0,0,1,1,-2,-3,-1,-3,-2,-2,-3,-4,-3,-3,-3,-2,1,1,1,3,4,6,7,8,14,20,24,26,28,32,31,30,30,31,30,28,20,10,6,3,-2,-3,-7,-5,-7,-8
211408,,,,,,,,,,,,,-0,-7,-2,2,-5,-4,0,3,1,-1,-5,-4,-7,-1,-7,-2,5,3,-4,-4,-3,-6,-1,-1,-2,1,0,-1,-7,-3,-1,1,0,8,4,4,5,8,10,10,18,18,23,27,27,28,25,40,45,41,49,46,47,45,42,38,47,50,54,46,38,39
211501,,,,,,,,,,,,,-4,-5,-4,-2,0,-2,2,1,-3,-2,-0,1,0,-0,-1,-3,-2,-1,-3,-2,-4,-5,-6,-5,-7,-6,-6,-4,-5,-8,-7,-6,-4,-3,-1,-2,-1,2,2,5,9,17,23,27,28,34,35,40,39,41,42,39,38,29,23,16,11,5,6,2,-0,-4
211509,,,,,,,,,,,,,-2,-3,-3,-4,-4,-3,-2,-1,-0,-1,-0,0,0,-1,-1,-0,-0,-0,-0,-2,-1,-1,-2,-3,-2,-2,-2,-2,-1,-4,-4,-2,-2,-1,-1,-0,-0,2,2,6,9,13,16,27,29,30,35,40,39,43,44,41,35,35,31,20,14,12,9,4,4,-0
211510,,,,,,,,,,,,,3,2,3,2,2,3,3,3,3,2,3,3,2,3,2,1,2,1,1,-1,-1,-2,-2,-2,-1,-0,1,1,-1,-1,-1,1,1,3,2,3,3,2,2,2,5,5,6,6,7,9,11,11,11,12,11,10,9,9,8,7,7,1,-1,-3,-2,-4
211511,,,,,,,,,,,,,-2,0,-0,-5,-5,-6,-5,-3,-3,-7,-5,-3,-2,-2,-7,-3,4,-1,-6,-2,-1,2,-4,-2,-3,-3,-0,-3,-1,2,2,1,1,1,3,6,4,4,8,10,7,13,21,22,21,28,34,29,36,32,31,31,32,25,21,17,14,11,7,7,2,1
210114,,,,,,,,,,,,,4,-1,2,-2,-3,-1,-1,-4,1,2,2,4,4,5,6,7,6,5,2,6,4,5,5,2,2,2,-2,-1,2,3,6,4,3,3,0,7,5,2,8,5,7,8,6,8,11,9,16,14,11,15,11,11,9,10,10,6,5,7,1,0,0,3
211714,,,,,,,,,,,,,5,-1,-1,4,3,4,-3,3,-1,4,3,-0,-14,-8,5,4,-0,0,3,-1,-2,-2,4,-0,16,15,-3,-3,4,4,4,1,6,3,1,7,4,7,13,5,4,7,5,13,13,18,17,15,17,14,15,25,19,21,21,21,13,10,12,7,12,6
212936,,,,,,,,,,,,,2,-0,0,1,1,1,2,1,2,2,2,2,-1,-0,-0,0,-1,1,0,-1,1,-0,-0,2,3,3,2,3,2,-0,1,4,2,4,5,4,3,4,6,6,12,17,17,19,20,21,21,22,23,23,22,22,18,13,12,11,11,9,7,7,5,4
212937,,,,,,,,,,,,,2,1,-1,-1,2,0,3,2,2,3,3,1,-1,-0,1,2,0,2,-0,-1,3,2,4,2,6,4,2,2,3,0,3,6,5,6,6,8,6,7,10,9,14,19,18,19,19,20,19,22,22,22,20,20,15,12,10,10,9,7,7,4,4,3
212941,,,,,,,,,,,,,4,6,5,-4,6,4,8,-0,2,7,5,-1,5,-1,-4,3,1,-1,1,-1,3,-4,3,2,-1,4,-3,1,1,-3,-3,3,1,2,0,2,-0,3,4,5,6,12,8,14,11,17,20,17,19,16,21,16,15,12,18,8,15,8,4,6,5,5
212944,,,,,,,,,,,,,,,,,,,,,,,,,,,,,,,,,,,,,,,,,,,,,,,,,,,,,,,,,,,,,11,13,17,11,5,10,8,4,8,-1,-0,-3,-1,-0
211410,,,,,,,,,,,,,,,,,,,,,,,,,,,,,,,,,,,,,,,,,,,,,,,,,,,,,,,,,,,,,,,,,,,,,,,,,-1,-1
211411,,,,,,,,,,,,,,,,,,,,,,,,,,,,,,,,,,,,,,,,,,,,,,,,,,,,,,,,,,,,,,,,,,,,,,,,,-0,0
211026,,,,,,,,,,,,,3,1,-3,-0,3,3,-3,0,0,2,0,-0,-4,-5,2,4,2,0,5,1,-6,-2,-1,-4,1,4,-0,-2,-5,-0,1,-1,-2,5,4,9,8,12,11,18,25,25,24,33,41,33,31,26,25,22,24,17,17,15,13,8,10,5,7,7,5,5
212222,,,,,,,,,,,,,2,3,4,2,1,3,3,2,1,2,1,-0,1,1,-2,0,-5,-1,-0,1,2,2,-1,1,0,-5,1,-0,6,2,-2,-3,-0,0,3,0,1,6,-1,1,-0,-3,4,4,1,1,3,3,3,7,12,10,9,15,12,12,8,11,8,11,10,6
212223,,,,,,,,,,,,,-10,3,-5,-2,1,2,-3,-3,12,5,1,9,9,6,6,8,18,9,6,13,7,-5,-4,-3,-2,-6,-3,-5,-9,-13,-1,-3,-10,-1,6,3,5,8,1,15,12,17,13,13,11,19,13,17,8,20,21,9,8,11,12,12,15,14,15,10,12,10
212225,,,,,,,,,,,,,3,3,2,2,-1,4,1,-5,2,-3,1,4,2,0,2,-1,-1,-2,-8,3,-5,-2,-7,-6,-5,-5,-11,-3,-4,-5,1,-5,-0,-4,1,1,-4,-0,6,-1,4,-1,2,1,2,8,4,9,10,9,14,10,16,18,15,19,12,10,14,8,8,11
212226,,,,,,,,,,,,,-3,4,-2,3,4,8,-3,3,0,-0,1,3,1,-3,1,-0,5,0,1,3,3,10,1,1,8,1,6,6,8,4,7,6,6,0,7,6,3,7,2,2,-3,3,3,5,11,8,11,12,11,20,21,20,22,20,19,15,13,13,14,13,11,9
212228,,,,,,,,,,,,,,,,,,,,,,,,,,,,,,,,,,,,,,,,,,,,,,,,,-3,-0,-0,1,2,2,9,4,5,4,11,10,10,21,18,17,17,17,19,19,20,22,20,15,14,7
211901,,,,,,,,,,,,,2,-5,0,-4,-0,-1,4,-3,0,2,1,-3,-2,-0,4,7,5,3,1,-1,-2,-3,-9,1,-4,4,-4,-8,-4,-4,-10,1,2,-0,8,1,4,3,3,4,3,8,10,10,11,6,8,8,12,14,14,17,9,10,12,14,10,11,13,11,8,7
213003,,,,,,,,,,,,,-1,-3,1,-2,-3,-0,-1,-2,-1,0,0,-2,0,-2,0,-7,2,-4,3,-10,-8,-11,-9,-3,-10,-8,-8,-1,-6,-6,-8,6,-2,10,6,2,9,14,6,12,14,17,16,11,21,12,16,11,17,13,15,13,4,9,0,12,2,5,6,8,-5,2
213005,,,,,,,,,,,,,-0,4,-5,-3,3,-1,1,1,-5,4,8,1,2,-1,10,8,2,-5,-1,2,5,1,-4,2,3,-3,-1,1,1,8,1,-1,2,2,6,0,2,7,-4,2,2,2,5,7,8,9,5,11,7,17,25,20,21,23,22,21,25,25,27,22,25,22
213006,,,,,,,,,,,,,-6,-9,-5,-8,-7,-8,-5,-2,-4,-3,-5,-3,1,1,-5,4,-3,3,4,-3,-5,1,-4,-7,-4,-3,0,-4,-2,-6,-6,4,-1,-5,6,4,3,1,0,-1,4,5,7,5,9,11,8,10,10,21,21,20,17,11,13,11,15,12,14,14,9,-1
213007,,,,,,,,,,,,,,,,,,,,,,,,,,,,,,,,,,,,,,,,,,,,,,,,,0,6,1,-0,11,8,6,5,4,11,2,7,10,20,12,15,15,17,14,14,16,17,17,19,8,-3
211011,,,,,,,,,,,,,2,3,0,2,2,4,0,2,2,3,4,3,3,1,3,-2,-1,-0,-1,-3,-4,-2,-4,-4,-2,-4,-5,0,-3,-3,2,1,-1,1,1,5,4,3,9,8,16,12,14,15,23,18,24,24,23,27,25,23,18,22,15,16,12,14,8,9,8,8
211023,,,,,,,,,,,,,-7,-7,-8,-6,-6,0,-1,7,4,5,11,8,13,14,5,9,11,7,3,5,7,8,4,-1,3,-4,5,2,-3,2,4,0,-2,-0,-1,7,4,10,7,10,12,10,8,8,12,12,14,7,5,8,9,13,10,6,11,6,3,2,3,4,6,2
211024,,,,,,,,,,,,,0,2,-1,2,2,5,3,2,5,1,2,3,4,3,5,6,5,8,4,7,6,7,7,1,4,2,-1,-1,-1,0,2,3,-0,-2,-0,1,-2,0,3,-0,5,2,7,5,9,13,11,12,15,16,18,20,19,17,15,13,13,10,11,11,7,8
211029,,,,,,,,,,,,,-2,-3,-1,-1,-4,1,2,0,6,4,6,3,8,9,4,7,8,3,5,2,0,2,2,1,-3,-1,-0,-1,-3,-0,-2,1,2,-1,2,4,6,5,6,7,12,11,12,13,14,15,12,11,9,10,12,11,9,8,6,4,3,2,2,2,2,-0
211030,,,,,,,,,,,,,-1,-2,-0,-2,2,-1,-1,4,2,4,4,1,4,5,4,8,2,0,9,5,4,-1,-1,-1,-5,-5,-5,-6,-3,-1,-7,-6,-5,-3,-2,3,4,3,5,7,8,9,13,12,14,13,17,13,12,14,14,11,15,15,10,11,7,9,6,5,7,6
212402,,,,,,,,,,,,,7,6,5,5,4,4,4,4,4,4,5,4,3,2,1,4,4,3,3,2,3,3,2,3,4,3,4,2,2,4,4,5,5,4,4,4,5,5,5,3,4,4,3,5,5,6,8,9,8,11,14,14,13,14,13,10,12,11,12,11,11,8
212404,,,,,,,,,,,,,-0,5,2,4,8,9,1,2,5,-3,2,4,1,-2,-2,0,0,-3,2,-1,-4,0,4,1,1,5,7,2,1,2,3,2,5,10,3,5,11,5,2,10,11,12,15,23,19,21,19,18,16,21,22,18,19,23,19,14,21,8,14,14,10,6
211709,,,,,,,,,,,,,2,2,1,1,0,0,0,0,-0,-0,-0,-0,-1,-1,-1,0,0,0,-0,-0,1,0,0,0,0,0,0,-0,0,1,-0,2,1,5,6,7,6,9,7,12,15,19,28,30,30,33,34,39,37,35,38,26,21,18,4,-0,-0,-5,-7,-11,-10,-10
211710,,,,,,,,,,,,,2,1,-0,0,0,0,-0,-0,-1,-1,-1,-1,-1,-1,-0,-1,-1,-0,-0,-0,0,1,1,1,1,1,0,1,1,1,1,1,1,2,6,9,9,12,15,17,20,27,34,41,43,49,46,47,46,42,39,33,28,21,11,4,3,-2,-4,-7,-7,-7
211808,,,,,,,,,,,,,-1,0,0,0,0,7,0,2,3,4,3,3,3,3,4,-6,-9,-9,-10,-7,-7,-6,-6,-7,-7,-8,-9,1,7,3,7,5,1,2,1,1,2,6,9,10,9,16,12,10,17,16,15,21,21,24,20,31,31,26,20,33,26,25,22,21,19,13
211814,,,,,,,,,,,,,1,1,2,1,3,10,3,3,5,4,3,3,4,3,6,3,-2,-1,0,0,-3,-2,-3,-0,-3,-3,-5,-1,3,-3,-1,-0,1,1,2,0,3,7,5,8,9,17,15,18,18,24,26,30,27,24,28,26,27,24,22,18,16,11,9,5,4,4
211815,,,,,,,,,,,,,0,1,1,0,0,-1,-0,-0,-1,-0,-1,-1,-2,-2,-2,-1,-1,-0,-0,-1,-1,-2,-1,-3,-1,-2,-0,-1,-1,-0,-1,1,1,2,1,6,5,8,6,7,10,10,12,15,16,16,19,17,15,14,15,14,12,10,9,4,3,1,-3,-5,-4,-5
211604,,,,,,,,,,,,,,,,,,,,,,,,,,,,,,,,,,,,,,,,,,,,,,,,,,,,,,,,,,,,,29,33,32,37,29,29,27,22,18,17,13,7,7,3
211101,,,,,,,,,,,,,1,6,5,2,6,3,6,3,4,2,3,3,4,-0,2,5,3,2,-3,3,2,1,2,2,2,3,1,0,1,3,5,2,2,2,2,3,2,4,6,6,7,8,11,11,11,9,15,14,18,17,16,16,15,13,10,10,10,12,5,5,1,-1
211105,,,,,,,,,,,,,-3,-1,-3,-4,-3,-4,-2,-1,-2,-4,-3,2,-4,-6,-3,-3,-8,-8,-4,-2,-10,-8,-8,-12,-7,-10,-13,-10,-11,-11,-8,-12,-6,-4,-4,3,-3,6,10,7,13,18,15,22,18,19,19,18,21,20,21,20,25,18,21,12,16,11,13,8,8,1
211106,,,,,,,,,,,,,3,3,4,-1,-0,-2,2,-2,1,-3,-3,-3,0,-4,1,-0,0,3,-1,-3,-3,-2,-1,-4,-1,-2,-4,-1,-5,-3,-5,3,-0,3,1,2,4,5,9,5,9,5,11,10,9,15,9,18,8,13,11,8,8,9,11,3,11,6,9,-2,1,-4
211207,,,,,,,,,,,,,2,1,-0,-2,-2,2,0,-2,0,-0,2,-1,2,-1,4,9,-0,-1,1,-2,2,-2,-2,-2,-7,-4,-5,-10,-0,-2,-6,-2,-8,-3,-2,-0,2,1,-1,7,-3,7,8,8,8,10,8,10,10,9,10,5,15,3,9,4,3,2,7,4,3,2
211210,,,,,,,,,,,,,4,0,1,5,5,5,13,6,7,8,10,11,0,12,4,16,16,14,4,11,5,3,5,-0,9,6,11,-7,-7,-1,-4,-5,0,7,-0,3,7,3,3,14,13,5,21,23,21,23,29,32,25,20,24,21,19,22,13,5,3,-1,-1,-2,-5,-1
211211,,,,,,,,,,,,,4,5,6,2,1,6,5,6,8,13,9,7,10,11,8,17,15,11,10,5,1,1,1,-3,-2,-2,-0,-6,-7,-7,-5,1,0,-1,1,0,5,3,4,8,10,15,15,14,20,24,26,36,26,27,32,30,26,20,23,19,19,14,8,6,4,6
212709,,,,,,,,,,,,,2,-0,0,-0,-2,-2,-1,-2,-1,-5,-2,-1,-1,-1,-0,3,4,8,7,9,3,4,-3,-4,-1,-3,-2,-2,2,-4,-2,-3,2,8,16,14,10,10,6,6,3,5,2,5,4,2,2,3,3,7,12,9,9,9,8,5,3,2,2,4,5,0
212710,,,,,,,,,,,,,-3,0,-4,-3,-4,2,2,3,2,5,4,3,-2,3,2,-0,-1,-0,-4,-8,-12,-11,-10,-9,-7,-6,-3,-2,6,-1,-1,0,2,3,5,5,8,0,-1,-0,-1,1,5,3,2,3,5,6,4,6,9,7,6,7,2,4,0,3,0,-1,-2,0
212712,,,,,,,,,,,,,-13,-17,-17,-17,-15,-9,-13,4,-6,-13,-9,-1,-6,-5,-4,-6,3,-1,19,9,5,17,4,11,8,14,16,16,6,6,-9,-7,-3,2,12,12,14,8,5,4,13,15,19,19,16,8,8,8,9,5,5,5,-1,-4,-4,-3,-3,-1,-1,-2,-3,-1
212715,,,,,,,,,,,,,1,2,4,3,-0,-1,-0,1,3,3,0,1,3,4,-2,3,3,4,1,4,3,1,6,5,-1,-1,4,-0,11,8,5,2,0,2,-1,3,1,4,0,3,-5,-2,-5,2,4,3,7,-4,4,6,10,7,9,8,14,7,3,4,-2,7,1,2
212719,,,,,,,,,,,,,3,1,1,1,1,2,2,3,3,6,7,7,6,6,2,0,-1,-5,-4,-6,-6,-9,-10,-10,-10,-10,-7,-5,-3,-1,-0,-0,-0,1,2,2,2,5,6,6,6,6,7,7,7,5,5,5,6,4,12,20,23,24,22,23,23,22,22,16,15,13
212722,,,,,,,,,,,,,-3,-5,-3,-4,-2,0,-2,-4,11,-1,-4,-1,0,2,1,7,6,1,4,5,-7,-1,2,-2,0,1,1,-1,-2,-0,3,3,12,3,2,7,5,3,0,5,6,8,8,6,6,10,13,9,10,8,10,9,8,6,2,4,4,5,-1,-2,-2,0
212725,,,,,,,,,,,,,-2,0,-3,-1,2,-1,0,-7,-3,-11,4,4,11,8,14,12,4,8,7,5,-1,6,4,1,-1,-1,-3,-2,2,-1,-5,0,8,7,7,12,4,1,-1,-2,-1,-1,6,7,-1,-0,-0,-2,2,7,10,9,5,6,3,3,-0,1,1,1,4,-1
212726,,,,,,,,,,,,,2,8,1,-1,1,3,-1,10,3,-18,-9,-10,-8,-10,-7,-9,-6,-5,-13,-13,-1,20,2,9,-7,-8,-8,-8,-10,-11,-3,3,-8,-7,-5,-8,2,2,-2,2,1,9,11,6,6,6,10,9,11,18,24,24,21,10,9,8,6,7,7,19,24,24
212732,,,,,,,,,,,,,0,-2,-4,-5,-5,-6,-4,-4,-4,-5,-4,-5,-4,-8,-6,3,2,0,1,-3,-2,-1,-5,-5,-2,-0,2,-6,-2,-2,-5,-3,-4,-0,7,5,3,6,2,4,1,1,2,2,3,1,-1,0,-1,-1,3,-0,1,2,2,3,3,3,5,6,4,4
212733,,,,,,,,,,,,,6,1,10,-1,-8,18,22,5,2,1,2,3,-0,10,9,5,24,8,-2,10,7,-2,-0,-2,4,6,-0,6,1,-5,5,-1,-0,-0,4,6,9,7,8,9,9,14,12,15,7,12,5,3,1,3,3,6,6,3,-2,3,3,5,8,10,10,6
212734,,,,,,,,,,,,,9,-7,4,3,-5,12,8,-7,-3,-6,-3,-9,-7,8,2,2,7,4,1,2,2,4,3,5,6,1,5,4,4,-2,1,-0,4,-3,-5,-3,-5,1,-1,-0,1,3,5,8,5,11,7,5,7,4,6,4,4,6,5,4,3,-3,5,8,4,0
212735,,,,,,,,,,,,,,,,,,,,,,,,,,,,,,,,,,,,,,,,,,,,,,,,,,,,,,,,,,,,,,,,,,,,,,,,,8,7
212736,,,,,,,,,,,,,,,,,,,,,,,,,,,,,,,,,,,,,,,,,,,,,,,,,,,,,,,,,,,,,,,,,,,,,,,,,5,5
212737,,,,,,,,,,,,,,,,,,,,,,,,,,,,,,,,,,,,,,,,,,,,,,,,,,,,,,,,,,,,,,,,,,,,,,,,,3,-5
212504,,,,,,,,,,,,,-2,2,-3,-2,6,-1,-1,2,3,-10,2,6,4,-0,-3,3,-1,-1,-0,-4,-12,3,-14,-30,-12,-10,-8,-11,-7,-10,-8,-8,-3,-3,4,20,0,-4,-2,-2,1,6,6,9,8,16,16,18,15,22,22,21,17,14,9,11,6,1,4,4,4,2
212510,,,,,,,,,,,,,18,19,16,17,12,10,17,20,14,13,8,-3,1,1,-1,1,-9,-5,-10,-13,-16,-19,-18,-16,-19,-17,-18,-19,-4,-8,-9,-9,-4,1,0,3,2,-1,1,1,4,10,18,26,26,33,38,38,32,48,52,54,47,39,32,22,23,15,13,16,22,14
212511,,,,,,,,,,,,,24,28,25,16,8,10,5,15,-10,15,11,8,7,4,5,7,6,-5,-1,-14,-1,-24,-25,-26,-25,-27,-26,-26,-23,-14,-13,-11,-4,-0,-3,1,-0,2,2,3,6,14,19,22,22,25,28,30,26,38,39,41,34,28,28,19,21,17,16,17,15,11
212515,,,,,,,,,,,,,0,1,1,0,-1,0,-2,-2,-2,-9,-7,-6,-6,-6,-6,-3,0,-0,1,1,1,7,11,11,7,7,6,4,4,3,2,3,3,3,1,1,3,4,5,11,7,9,11,9,11,12,11,11,12,13,16,12,12,10,7,7,6,4,4,5,4,3
212518,,,,,,,,,,,,,13,13,10,6,12,10,11,8,-1,-9,-14,-12,-10,-12,-14,-8,-11,-12,-13,-15,-20,-15,-16,-20,-20,-19,-16,-19,-17,-15,-17,-12,-4,-2,-0,2,2,-1,-1,-6,-1,0,8,9,10,9,12,0,12,19,20,32,35,34,19,12,9,8,15,35,23,23
212519,,,,,,,,,,,,,9,16,14,13,18,25,29,20,17,1,1,-4,-2,-11,-9,-2,-4,-8,-10,-8,-4,8,8,4,3,8,8,-0,1,1,-0,-1,-0,2,-1,8,6,2,2,5,3,5,0,2,2,-1,3,-2,4,18,20,23,24,23,30,27,27,29,26,26,19,10
212520,,,,,,,,,,,,,1,3,-1,-0,4,0,2,3,-2,-2,-3,1,-0,2,1,-2,1,2,-2,-2,1,3,5,1,2,-0,3,6,3,3,7,5,8,5,6,8,6,6,7,3,5,6,4,6,4,4,2,4,6,7,7,8,6,6,6,4,4,4,3,2,-0,-2
212530,,,,,,,,,,,,,11,11,7,10,7,7,10,10,10,12,8,9,4,5,5,3,5,2,-2,-1,-7,-8,-14,-14,-11,-12,-12,-7,-9,-8,-8,-12,-7,-7,1,1,-0,-3,-2,-8,-0,3,8,14,18,20,28,27,26,34,34,44,37,31,27,20,12,14,12,13,13,11
212531,,,,,,,,,,,,,4,6,2,4,3,4,3,-4,3,2,-2,-3,-3,-4,-1,-1,1,-1,-1,10,4,4,3,3,6,3,2,2,3,4,7,-6,-7,1,-5,1,4,6,4,8,4,3,4,12,16,15,18,13,9,13,18,23,25,26,24,19,16,10,5,9,13,11
212532,,,,,,,,,,,,,4,2,2,1,-0,-3,0,3,-1,-9,-12,-10,-12,-10,-11,-7,-9,-10,-12,-9,-10,-3,-1,-3,-1,-3,-2,-2,-0,0,0,-1,0,1,1,3,-1,1,1,1,1,4,6,8,9,6,8,7,10,17,23,25,25,23,18,12,11,14,13,11,14,7
212533,,,,,,,,,,,,,2,4,3,3,4,1,2,2,2,1,0,-1,-3,-2,-1,-1,-2,-0,-1,1,-0,-2,0,0,2,-2,-0,-0,-0,1,1,2,2,4,3,2,4,7,4,4,7,7,7,11,14,18,16,21,18,21,21,21,19,18,17,12,10,5,5,2,2,1
212918,,,,,,,,,,,,,-5,-1,-3,-2,1,1,2,2,0,2,3,5,6,4,6,5,4,5,2,4,5,3,3,5,2,-1,-1,-3,-2,-1,1,-2,0,1,1,-1,1,4,3,7,8,8,8,14,15,18,18,20,19,19,21,20,20,20,19,14,13,11,10,10,9,7
212928,,,,,,,,,,,,,-0,-1,0,2,-1,1,-1,-1,4,2,3,2,-1,5,5,7,11,8,9,10,8,9,-1,1,1,-2,-4,-2,-2,-8,-4,-8,-5,-5,0,4,1,8,12,4,13,15,16,22,20,21,23,21,13,17,11,19,11,11,9,10,4,6,1,1,10,4
212933,,,,,,,,,,,,,2,4,0,-4,10,-6,-2,2,2,1,0,-0,-2,-2,5,5,-5,2,7,-1,-2,-1,-10,-8,-4,-5,-11,-7,-4,-2,-7,-4,-3,-1,4,1,-1,4,1,3,8,6,7,6,10,9,11,21,20,18,27,23,18,18,18,18,16,16,15,8,6,6
212809,,,,,,,,,,,,,,,,,,,,,,,,,,,,,,,,,,,,,,,,,,,,,,,,,,,,,,,,,,,,,,,,,,,,,,,,,-3,-3
211019,,,,,,,,,,,,,2,-2,5,4,-2,3,-0,-3,-2,-2,-3,1,3,5,-2,2,6,3,3,3,-2,1,4,-5,-4,-5,-2,-4,-6,-6,-2,-2,-4,-1,-3,1,-1,5,-3,2,2,11,11,7,16,22,24,26,30,28,35,34,30,24,23,23,18,8,7,3,2,1
210414,,,,,,,,,,,,,10,7,9,7,8,9,5,9,2,0,8,2,5,2,2,7,6,8,5,7,12,14,4,4,3,7,6,-1,-2,-1,7,1,-0,-0,0,4,-1,3,5,5,10,8,13,14,15,12,25,29,35,32,32,36,32,31,29,29,27,31,21,14,13,11
212106,,,,,,,,,,,,,6,-0,3,-2,-1,-1,-0,5,-0,3,5,2,4,1,-1,-1,7,4,4,1,1,3,2,-2,-11,-9,-8,-3,-11,-10,-11,-8,-7,-1,4,4,17,19,16,19,17,18,26,37,35,27,25,30,26,26,25,23,30,29,19,7,8,7,4,-0,-0,-3
212107,,,,,,,,,,,,,4,0,-6,-2,-1,-1,-2,-2,-5,-0,-2,-4,-3,-5,3,-0,3,2,0,3,1,1,-1,2,2,2,-2,-1,-1,1,2,1,4,1,2,4,2,6,6,6,6,5,6,6,9,8,9,6,7,6,8,3,3,3,-0,-0,-2,-1,-2,-2,-3,-6
210403,,,,,,,,,,,,,-5,-5,-7,-6,-5,-5,-4,-4,-5,-5,-2,-2,-4,-3,-0,-3,-4,-2,-3,-1,-2,-1,-6,-7,-6,-9,-7,-7,-4,-6,-5,-6,-1,-1,5,6,7,9,8,12,10,11,12,13,13,14,11,11,10,14,16,14,18,16,15,13,12,10,9,8,8,5
210406,,,,,,,,,,,,,-1,-3,-2,-4,-1,-3,-4,-4,-5,-7,-5,-3,-3,-3,-3,0,-1,6,3,1,4,4,-0,-0,1,0,-0,0,2,-3,-1,3,3,6,7,7,7,8,9,10,10,11,13,14,13,14,13,12,11,10,10,10,9,8,7,5,6,3,3,4,3,4
210416,,,,,,,,,,,,,,,,,,,,,,,,,,,,,,,,,,,,,-5,-3,-4,-6,-1,-7,-3,-4,-5,-4,4,14,8,8,10,14,14,14,9,11,15,16,7,17,14,14,7,9,10,12,11,10,7,8,8,3,3,3
210506,,,,,,,,,,,,,1,1,-0,-1,0,0,-1,1,-0,0,1,0,3,1,2,4,8,4,0,0,3,3,-0,3,-2,-1,-3,-4,-4,-3,1,2,-1,1,5,8,10,12,15,13,15,15,17,15,16,14,15,9,8,6,4,4,3,4,2,1,2,2,3,4,4,3
210802,,,,,,,,,,,,,1,4,3,5,6,6,7,7,8,9,7,8,9,9,10,14,10,9,11,10,10,4,6,5,3,1,1,-2,1,2,-0,2,-0,3,2,2,2,2,3,3,4,5,5,5,6,7,8,10,10,12,13,14,13,13,14,13,14,13,11,9,9,8
210808,,,,,,,,,,,,,-2,-2,-2,-3,-0,0,1,-1,2,-1,-0,0,-0,1,2,2,0,1,-1,1,-2,-2,-2,-5,-6,-6,-7,-6,-7,-7,-7,-8,-6,-5,-4,-1,-1,0,1,1,4,9,14,14,17,16,17,18,19,20,23,25,23,17,14,17,13,15,14,12,10,8
210905,,,,,,,,,,,,,-3,-2,-4,-5,-4,-3,-4,-2,-3,-1,-1,1,-3,-3,-1,-0,-1,0,0,3,4,3,1,2,3,4,2,2,3,2,4,1,4,4,6,5,6,7,9,10,14,16,16,18,18,22,24,24,25,22,22,23,19,16,15,15,12,10,7,6,4,4
210910,,,,,,,,,,,,,-1,-1,-1,-2,-3,-3,-3,-3,-7,-7,-6,-5,-7,-7,-7,-6,-4,-3,-3,-4,-1,-1,-3,-2,-2,-2,-2,-3,-3,-3,-3,-1,-0,-0,2,4,5,6,6,10,14,16,17,19,18,21,21,19,18,19,18,16,13,10,9,8,8,5,5,4,2,0
210914,,,,,,,,,,,,,,,,,,,,,,,,,,,,,,,,,,,,,-7,-5,-4,-4,-4,1,1,-2,2,5,10,10,12,15,12,15,15,12,16,14,12,10,7,13,12,10,12,11,14,14,10,7,11,11,12,6,5,5
211014,,,,,,,,,,,,,-0,-1,-4,-3,1,-2,-1,-2,-0,1,-1,2,2,4,6,4,4,4,5,4,3,4,3,2,-1,0,0,-4,-1,1,-1,-2,1,1,2,4,4,2,3,8,5,11,10,13,13,12,14,14,13,17,21,20,20,17,19,17,17,14,14,11,11,7
211025,,,,,,,,,,,,,-3,2,3,-1,7,2,5,5,7,3,5,0,8,5,4,-5,3,2,-2,-0,-1,0,3,3,-2,-3,-0,9,-5,-4,-3,-4,-4,-3,-5,1,4,4,4,5,10,9,14,15,12,16,10,12,10,9,12,12,12,11,8,7,7,6,12,6,4,5
211816,,,,,,,,,,,,,-0,-1,-2,-2,-2,-0,4,4,3,1,0,0,0,0,1,-1,2,1,1,1,3,1,1,3,4,1,0,6,5,5,6,5,4,6,4,3,1,4,12,10,9,7,8,7,9,11,15,15,15,17,12,13,11,14,12,13,11,8,6,5,5,1
212940,,,,,,,,,,,,,-9,-11,-15,4,0,-7,-5,-14,-2,16,3,-6,1,-5,2,-10,-7,-3,-5,10,4,-10,-1,-2,-15,6,2,-3,-6,2,7,-10,-1,-2,-10,4,4,9,6,11,9,17,12,18,23,26,25,24,28,21,25,22,24,13,17,9,9,6,1,-5,6,-5
212309,,,,,,,,,,,,,-1,-3,-2,-2,0,-3,1,-2,1,2,-2,-0,-1,2,-1,-1,-1,-0,1,3,-4,-2,-1,-3,-4,-8,-6,-3,-2,-3,-8,-6,-3,-3,-0,2,2,6,6,1,0,3,8,9,10,4,5,8,6,7,9,12,11,12,12,8,6,12,11,7,9,9
212310,,,,,,,,,,,,,6,9,7,4,8,11,16,13,7,-2,-5,-4,-3,-3,-6,-2,-6,-10,-12,-15,-15,-12,-15,-24,-20,-23,-20,-21,-20,-19,-20,-18,-15,-12,-8,-0,-6,-4,-5,-4,-2,4,14,17,19,20,22,19,21,26,27,28,24,19,12,12,8,9,7,8,8,12
212311,,,,,,,,,,,,,2,2,1,2,3,3,2,4,2,-16,-14,-11,-9,-5,-10,-11,-16,-17,-15,-14,-16,-1,-8,-17,-18,-18,-11,-10,-7,-8,-8,-9,-5,-3,-2,5,4,-3,-6,-8,-7,-4,-1,-2,0,2,5,2,3,4,6,10,11,11,8,9,7,6,7,6,5,8
212409,,,,,,,,,,,,,2,3,3,-2,-0,1,2,2,3,1,-1,2,-1,-3,-3,1,0,-4,-3,-6,-2,-2,-3,-4,-3,-1,-4,-2,-1,-5,-9,-6,-15,-14,-11,-9,-7,-6,-3,-6,-6,-1,4,5,15,15,16,12,14,16,18,19,18,20,16,14,10,7,8,4,-0,-1
212535,,,,,,,,,,,,,3,0,-2,1,4,1,4,6,6,7,1,3,1,2,2,3,0,2,-1,-0,-0,-3,-2,-6,-4,-5,-5,-7,-4,-3,-4,-6,-6,-4,-1,-0,-1,2,1,-2,1,1,2,3,4,4,3,5,4,2,2,5,3,5,5,4,5,5,4,6,5,4
212923,,,,,,,,,,,,,-4,5,8,-8,-0,-1,-3,5,2,6,-6,0,5,4,-7,11,8,6,-7,-2,-4,-1,10,-4,-4,-10,-3,-5,-5,-3,7,-2,5,1,-1,11,11,19,6,10,8,11,18,20,20,33,25,21,26,31,39,36,41,41,34,31,32,21,22,23,14,9
212930,,,,,,,,,,,,,0,0,2,-2,-0,-0,-4,-1,-6,1,-2,-6,-4,-10,0,0,-4,-5,6,2,-2,-5,-5,1,-5,7,-9,-4,-7,-6,-9,-9,-3,-5,-1,-1,0,-5,6,7,21,27,25,23,28,36,32,36,44,40,32,36,34,28,25,30,26,21,15,14,8,11
212601,,,,,,,,,,,,,1,2,18,2,-3,-4,4,5,-0,2,7,-3,-1,-5,-9,12,11,15,9,0,8,2,2,-2,-0,-4,4,-4,-1,-1,-1,5,6,7,6,19,24,24,16,8,3,5,5,5,6,11,11,12,11,13,14,19,31,31,27,32,31,20,22,16,9,9
212603,,,,,,,,,,,,,1,-1,6,2,2,6,4,1,6,11,6,6,15,10,9,7,9,7,6,10,5,3,2,2,1,0,-2,-1,-0,1,1,0,0,2,3,13,14,15,17,16,15,27,29,36,35,36,37,27,30,40,39,41,40,24,24,18,19,12,13,12,9,-1
212608,,,,,,,,,,,,,1,1,2,0,2,2,4,5,0,0,1,0,1,1,-0,0,-1,-0,-1,0,1,1,1,1,1,0,0,1,2,4,6,5,4,4,3,5,5,6,6,7,8,6,14,20,21,22,24,22,22,22,22,24,26,30,22,18,16,16,16,15,14,14
212613,,,,,,,,,,,,,,,,,,,,,,,,,,,,,,,,,,,,,,,,,,,,,,,,,,,,,,,,,,,,,24,17,12,13,15,16,10,6,4,4,1,-4,-4,-6
212806,,,,,,,,,,,,,-2,0,-5,-1,-1,0,-2,3,3,-2,-2,4,3,1,5,3,9,1,3,3,2,2,6,4,1,3,4,3,1,3,5,6,3,6,4,1,6,6,8,7,5,5,5,3,5,3,4,4,1,5,5,7,9,10,10,10,11,10,11,12,12,8
212807,,,,,,,,,,,,,0,1,-0,1,1,0,-0,-1,1,-0,1,1,-0,-0,-0,-0,1,2,2,0,0,1,0,0,1,0,1,0,1,1,1,2,2,1,2,3,3,7,8,8,8,8,9,12,17,16,15,14,13,10,13,14,15,14,16,13,7,8,10,7,7,6
212808,,,,,,,,,,,,,-5,-3,-5,-1,1,2,4,2,3,3,4,5,5,4,6,6,-1,4,3,-1,-1,-2,-1,-5,-5,-6,-5,-6,-2,-5,-5,-0,-1,0,-2,2,3,2,4,5,5,6,6,7,5,7,6,8,7,11,9,9,13,13,7,7,8,7,7,6,6,5
212905,,,,,,,,,,,,,0,1,-2,3,4,5,6,6,6,-4,4,5,7,7,11,5,4,1,2,3,2,13,5,1,1,0,-3,2,-3,-1,-2,1,2,2,2,3,3,4,9,3,7,7,7,7,8,9,14,14,14,13,11,18,24,17,30,25,25,25,20,20,18,18
211409,,,,,,,,,,,,,,,,,,,,,,,,,0,-1,2,4,6,8,6,2,4,6,5,4,6,5,4,-0,-4,0,-0,4,4,-2,5,4,3,3,1,5,9,1,6,6,5,11,5,7,8,3,9,7,7,12,7,9,8,6,4,5,6,7
210201,,,,,,,,,,,,,-11,-10,-11,-8,-8,-2,-2,-3,-2,-2,-2,-2,-1,-1,-0,-0,1,2,5,2,2,2,-3,-2,-3,-11,-13,-14,-17,-15,-19,-15,-14,-14,-10,-11,-9,2,6,9,16,19,30,28,29,28,30,29,28,29,23,30,24,18,12,12,12,13,11,13,11,8
210204,,,,,,,,,,,,,-14,-7,-11,1,-3,-3,-1,4,-3,5,6,5,3,1,12,5,9,9,7,3,7,-0,-3,-4,-2,-4,-10,-10,-9,-8,-9,-5,-3,2,10,19,19,28,25,28,35,41,41,40,43,42,41,31,33,25,24,22,13,6,1,-4,-8,-8,-15,-13,-14,-12
210212,,,,,,,,,,,,,10,8,3,-1,8,0,-3,6,3,3,0,7,4,1,10,9,5,20,13,3,2,6,-2,0,1,0,-4,-2,-1,-13,-4,1,0,1,6,2,3,7,6,6,5,8,10,12,11,16,17,15,15,13,13,13,13,14,11,9,9,3,1,2,2,1
210217,,,,,,,,,,,,,2,6,-3,-2,-6,2,-4,4,1,-4,-2,-4,1,-10,2,3,0,2,-1,-9,-9,-18,-7,-15,-11,-6,-13,-12,-14,-11,-12,-9,-0,7,-6,3,0,1,0,-2,1,-2,1,3,-2,-3,0,-2,4,6,12,18,20,20,20,16,20,20,20,20,14,12
210221,,,,,,,,,,,,,,,,,,,,,,,,,,,,,,,,,,,,,,,,,,,,,,,,,4,3,2,5,8,6,16,10,15,23,24,21,23,24,26,27,32,26,25,30,24,13,13,14,12,13
212101,,,,,,,,,,,,,0,3,1,1,1,2,-0,-0,-0,-0,-1,-0,2,1,-1,0,-1,0,1,0,-0,-1,-1,-2,-3,-4,-4,-3,-2,-3,-3,-3,-2,0,1,2,3,5,7,6,6,5,5,6,5,11,21,39,41,38,42,47,50,54,54,56,59,50,40,21,18,18
212202,,,,,,,,,,,,,2,4,2,4,3,4,4,4,3,3,3,3,2,2,4,-1,2,2,2,3,3,3,0,1,0,-0,-1,2,-1,-1,-2,-3,-4,-3,-2,-2,-2,-1,-1,-1,-0,0,2,2,3,3,4,5,5,8,11,12,12,11,9,10,9,9,8,7,7,5
212211,,,,,,,,,,,,,-0,2,1,2,3,2,2,3,3,2,2,3,2,2,2,0,-0,-1,-1,1,1,1,-0,-1,-0,-2,-2,-0,1,2,-1,-0,-1,-1,-1,1,2,2,2,2,1,2,5,2,2,3,7,4,4,7,9,11,13,11,12,11,11,11,10,10,10,9
212214,,,,,,,,,,,,,2,4,1,3,3,1,1,1,3,1,0,3,1,1,3,1,2,3,3,2,1,1,2,0,1,-1,-1,0,-0,-2,-1,1,-1,1,1,0,2,0,2,1,3,3,3,3,4,2,4,5,3,6,7,7,7,7,3,3,4,4,2,4,3,5
212217,,,,,,,,,,,,,2,3,2,1,1,1,3,3,3,3,3,2,3,1,2,2,2,3,3,4,3,4,2,2,1,1,1,2,2,4,5,3,3,3,5,6,7,7,8,10,11,9,10,11,11,14,15,15,16,18,19,18,17,17,15,15,14,13,11,9,9,6
310102,,,,,,,,,,,,,1,1,1,1,1,0,1,1,1,2,2,2,2,2,2,1,1,1,4,2,2,1,1,0,0,-0,0,1,2,2,-1,1,1,3,2,2,2,2,4,5,4,4,4,5,3,2,6,6,4,8,7,7,7,8,7,8,8,9,8,8,9,5
310109,,,,,,,,,,,,,2,1,2,2,1,1,1,2,2,2,2,2,2,2,2,1,1,1,3,2,2,2,2,2,2,2,2,3,4,4,2,2,2,4,5,4,4,4,6,6,6,6,5,6,6,5,6,6,4,8,7,7,7,7,8,8,8,9,8,7,8,6
310110,,,,,,,,,,,,,2,2,2,2,1,2,2,2,2,2,2,2,2,2,1,0,0,0,1,1,1,1,0,-1,-1,-1,-1,0,1,2,0,1,1,2,3,4,5,5,6,7,6,6,6,7,7,6,8,8,8,10,9,8,9,9,9,9,8,9,8,8,7,7
310111,,,,,,,,,,,,,2,2,2,2,2,2,2,2,2,2,2,2,2,1,2,1,1,1,2,3,3,3,2,3,2,3,2,3,5,5,3,3,3,4,3,4,4,4,5,6,5,5,6,6,6,5,8,8,8,10,9,8,8,8,8,7,8,8,7,6,7,5
310114,,,,,,,,,,,,,1,1,2,2,1,2,2,2,2,2,2,2,2,2,2,1,1,1,3,3,3,3,2,2,2,2,2,3,4,3,1,1,1,2,3,3,2,3,4,5,4,4,5,5,6,4,5,5,4,7,7,6,7,7,7,7,7,7,6,5,7,5
310301,,,,,,,,,,,,,3,3,4,3,3,3,3,3,3,4,4,3,3,3,3,2,2,2,4,4,1,0,-0,-1,-1,-1,-1,-0,-1,-0,-0,1,4,6,-12,-12,-13,-12,-5,-4,-3,-3,-5,-6,-11,-12,13,15,9,17,8,7,8,8,8,9,16,16,8,8,15,8
310302,,,,,,,,,,,,,2,2,2,3,3,3,2,3,3,4,3,2,3,3,3,2,2,2,4,4,0,-1,-1,-3,-3,-3,-4,-3,-2,-2,-0,0,4,6,7,10,10,11,12,13,13,13,9,10,9,9,9,9,9,10,10,8,9,9,9,9,9,9,9,8,8,7
310306,,,,,,,,,,,,,2,2,2,1,1,2,1,1,1,2,2,2,2,2,2,1,1,1,3,-11,1,2,2,2,2,2,2,3,4,5,4,18,4,1,2,2,2,2,2,3,1,1,0,1,1,3,3,3,3,5,5,4,5,4,5,6,6,6,5,5,5,1
310307,,,,,,,,,,,,,1,1,1,1,1,1,1,1,1,3,3,2,3,3,3,2,2,2,4,3,-2,-3,-3,-7,-7,-7,-7,-7,-6,-6,-3,-1,4,7,7,12,13,14,15,17,16,16,11,11,10,9,11,10,10,11,11,9,9,9,9,9,9,9,8,7,8,7
310315,,,,,,,,,,,,,4,4,3,3,3,3,3,3,3,3,3,2,2,2,2,1,1,1,2,1,3,2,2,9,9,9,9,10,12,12,11,12,11,11,11,5,5,5,5,5,4,4,4,5,6,6,6,6,7,7,7,7,7,8,8,8,7,8,8,7,7,7
310316,,,,,,,,,,,,,,,,,,,,,,,,,,,,,,,,,,,,,-6,-6,-6,-5,-4,-4,-2,-1,3,5,-2,2,1,2,11,13,11,11,8,9,8,7,16,18,11,20,10,9,10,9,9,9,9,10,9,8,15,7
220301,,,,,,,,,,,,,5,5,5,5,5,6,6,6,6,5,5,5,5,5,5,3,2,4,5,5,4,5,5,5,4,4,4,5,6,4,3,4,4,5,5,6,7,8,9,13,17,18,19,20,20,20,19,19,19,19,19,15,13,13,13,12,12,11,11,10,9,8
220303,,,,,,,,,,,,,1,0,0,0,1,1,4,2,2,1,3,3,4,5,6,7,6,6,6,5,5,6,5,4,3,2,2,1,1,1,1,1,1,1,1,2,4,5,5,6,6,9,10,11,12,13,12,11,10,11,11,11,11,9,7,8,8,7,7,7,6,5
220316,,,,,,,,,,,,,3,3,2,3,3,3,2,1,1,1,2,2,1,2,2,10,9,9,10,4,3,4,5,5,6,6,6,-1,-1,-2,-2,3,4,4,1,2,0,-0,-1,1,2,4,6,6,6,8,9,9,10,11,13,14,12,12,11,11,11,8,10,10,6,6
220318,,,,,,,,,,,,,2,3,3,3,3,3,3,3,3,3,3,3,3,3,3,6,6,5,5,2,3,3,3,3,4,4,4,1,0,1,1,4,3,3,4,3,3,3,4,4,7,8,8,8,9,9,8,9,9,9,10,9,8,8,8,8,7,7,8,6,6,6
220319,,,,,,,,,,,,,3,2,3,2,3,3,2,2,3,3,3,3,3,4,4,5,3,4,4,4,4,3,5,5,4,3,3,2,2,2,2,3,3,4,2,3,4,5,5,7,8,8,9,10,10,10,11,11,10,10,10,9,8,8,7,6,6,6,5,5,5,5
220320,,,,,,,,,,,,,6,7,7,4,4,4,3,3,3,3,4,3,4,5,5,5,4,7,6,4,4,4,3,5,3,2,1,-1,-1,-3,-3,0,1,-0,-0,2,2,4,4,6,8,8,9,9,10,12,13,11,11,9,10,9,8,10,11,13,12,10,8,9,8,8
220323,,,,,,,,,,,,,5,5,5,5,5,5,4,5,5,5,5,4,4,4,4,6,5,5,5,4,5,5,5,6,6,7,6,5,4,5,4,5,4,4,4,5,5,5,6,8,11,12,12,13,13,13,14,13,13,14,14,11,10,10,9,9,8,8,7,8,7,8
220326,,,,,,,,,,,,,6,5,5,6,6,6,6,6,6,5,6,6,5,5,5,5,6,7,7,3,3,3,4,4,4,5,5,3,1,0,-0,4,4,5,3,3,4,4,5,7,11,12,13,13,13,14,15,16,16,17,17,16,13,12,11,12,12,10,10,8,8,7
220327,,,,,,,,,,,,,4,4,4,4,4,4,5,5,4,4,4,4,4,3,3,3,2,4,5,2,2,2,1,1,2,2,1,1,3,1,1,2,1,2,3,3,5,5,6,7,7,9,8,10,10,13,14,14,14,15,15,15,15,12,13,11,11,8,7,7,4,4
220328,,,,,,,,,,,,,,,,,,,,,,,,,,,,,,,,,,,,,3,3,3,-1,-2,-1,1,7,4,4,4,5,6,6,6,10,12,12,13,15,16,16,16,17,16,16,17,15,14,14,15,12,11,10,11,10,10,9
220107,,,,,,,,,,,,,3,3,3,4,3,4,4,4,4,4,3,3,3,3,4,5,5,2,2,-15,0,1,1,2,1,1,1,-1,-1,2,0,20,2,3,3,2,2,2,3,6,7,7,10,12,11,10,11,11,11,13,13,11,11,11,10,9,10,9,8,9,9,7
220116,,,,,,,,,,,,,3,4,4,3,2,2,2,2,3,2,2,2,2,3,2,2,2,1,3,-14,-3,-2,-3,-0,-0,-1,-1,-0,-1,-1,-1,17,4,4,5,3,3,4,4,6,7,7,7,7,7,6,7,7,-2,6,7,5,5,5,4,5,5,6,5,5,12,6
220117,,,,,,,,,,,,,3,2,3,2,2,2,2,2,2,2,2,2,2,2,2,1,2,1,1,-17,-7,-5,-5,-5,-5,-6,-6,-5,-5,-5,-5,16,3,3,3,4,5,5,5,6,6,7,7,9,8,7,9,9,8,10,11,10,10,10,10,10,10,11,9,9,9,8
220120,,,,,,,,,,,,,2,2,2,2,2,2,1,2,2,2,2,3,3,3,3,2,2,3,4,-14,-2,-1,-3,1,1,1,1,2,2,9,8,31,13,14,14,11,12,11,12,14,17,10,11,13,13,13,12,12,11,11,11,8,7,6,6,4,6,4,4,4,4,4
220121,,,,,,,,,,,,,2,3,3,3,2,2,2,2,2,2,3,4,3,4,3,3,2,2,3,-13,1,1,-1,-0,-1,-1,-1,0,1,4,3,22,6,6,7,7,6,7,7,9,8,6,6,8,7,8,7,8,10,10,10,9,10,9,10,10,10,11,11,9,8,8
220122,,,,,,,,,,,,,2,2,2,2,2,2,2,2,2,2,2,2,2,3,2,4,4,1,0,-14,-2,-2,-2,-1,-1,-1,-1,-3,1,4,4,20,5,7,8,7,7,7,7,10,6,7,8,9,9,8,8,8,8,10,10,9,9,9,8,8,9,9,9,8,8,8
220124,,,,,,,,,,,,,2,2,2,2,3,3,3,3,4,3,3,3,2,3,3,2,4,1,2,-11,-2,-1,-2,-0,-0,-1,-0,0,1,4,2,18,6,7,8,7,8,8,10,11,9,9,10,12,13,13,13,13,13,14,13,12,14,12,13,10,10,9,10,10,9,9
220125,,,,,,,,,,,,,2,2,2,2,2,2,2,2,2,2,2,2,2,2,2,1,1,1,2,-15,-4,-2,-3,-2,-2,-2,-2,-1,-1,-1,-2,17,4,4,4,4,4,4,4,5,5,5,5,6,6,5,6,6,6,8,9,9,9,10,9,9,10,10,10,9,9,8
220128,,,,,,,,,,,,,1,1,2,2,2,2,2,2,2,2,2,2,2,3,2,4,4,1,2,-12,-0,-0,-1,1,1,1,1,-1,3,5,4,22,7,8,9,7,7,8,8,10,8,8,9,9,11,10,10,11,12,11,12,11,10,11,11,11,10,11,10,9,8,8
220310,,,,,,,,,,,,,2,2,2,1,1,1,2,3,3,3,3,3,2,2,2,2,2,2,2,-12,0,1,1,1,1,1,1,2,3,3,2,18,3,2,3,3,4,4,4,4,4,3,3,3,3,4,6,7,7,7,8,7,7,7,7,8,9,9,8,7,7,6
220209,,,,,,,,,,,,,-0,-0,-0,-0,-0,-0,-0,-0,2,2,2,2,2,2,2,0,0,0,2,2,1,1,1,1,0,0,1,2,2,2,1,1,1,1,1,1,2,2,2,2,2,2,2,2,2,2,2,2,3,3,3,3,4,4,4,4,-26,-25,-25,-25,-26,-26
220210,,,,,,,,,,,,,3,3,3,3,3,3,3,3,2,2,2,2,2,2,2,1,0,0,2,2,1,1,1,1,0,0,1,2,2,1,-0,-0,2,2,2,2,1,1,1,1,2,2,2,2,3,3,3,3,4,4,4,4,3,3,3,3,5,5,5,5,-3,-3
520138,,,,,,,,,,,,,2,2,2,2,2,2,2,1,1,1,2,2,0,0,0,-1,0,0,1,1,0,0,0,1,1,0,0,1,1,0,-1,0,0,-1,-0,-1,-1,-0,-1,-0,-1,-1,-1,1,1,2,2,2,3,3,4,4,4,5,11,9,10,9,9,8,8,8
520139,,,,,,,,,,,,,0,1,1,1,0,0,0,0,0,0,0,0,0,1,1,-5,-14,-4,-4,-1,-0,-0,-2,-2,-2,-3,-4,2,15,4,4,1,-0,-0,1,2,2,3,4,3,2,0,1,1,1,2,1,2,2,2,3,2,3,3,7,8,9,9,10,10,10,11
520235,,,,,,,,,,,,,-1,-7,-3,-1,-1,-2,-2,2,5,3,1,0,-1,10,2,1,6,5,2,5,3,-2,-3,-4,-3,-5,1,3,1,1,2,-0,1,-4,-2,-2,-7,-6,-3,-2,-9,-8,-9,-2,-1,4,2,2,7,8,8,3,14,17,21,10,15,12,11,10,13,11
520242,,,,,,,,,,,,,0,0,2,2,2,3,1,3,1,1,1,2,2,3,5,6,5,6,6,5,5,5,7,4,4,0,-0,0,3,2,2,3,4,3,-1,3,2,3,2,2,-1,-1,-0,2,6,7,8,12,20,20,24,23,26,27,27,23,20,19,22,18,8,7
520251,,,,,,,,,,,,,2,-0,3,3,3,3,2,3,4,2,7,4,0,4,4,1,1,6,5,1,-0,2,2,-3,1,-3,-5,-1,-2,-5,-4,-2,-3,-2,-4,4,4,4,3,2,4,3,4,6,9,5,9,10,10,16,9,11,9,9,11,7,7,12,9,10,10,4
520213,,,,,,,,,,,,,3,3,3,3,3,5,1,5,3,3,4,12,4,3,4,4,5,3,6,3,5,3,3,-7,-1,-1,-3,-2,-4,-4,-6,-4,-6,-6,-6,-5,-3,-2,1,2,4,6,9,13,15,15,19,20,22,20,19,17,13,14,14,9,5,6,3,4,0,1
520216,,,,,,,,,,,,,10,-1,1,-0,0,-2,-0,2,2,-2,-3,-9,-6,2,1,4,1,-0,3,-5,-15,-11,-12,0,-8,-10,-12,-14,-13,-8,-14,-5,-2,0,3,-2,2,-0,8,5,7,4,12,6,13,11,5,10,6,7,3,10,12,9,10,10,12,7,12,6,11,9
520223,,,,,,,,,,,,,2,1,3,1,5,5,-2,5,2,3,5,5,5,4,4,1,6,4,8,4,6,6,4,5,5,6,4,7,2,4,5,3,3,2,3,1,-13,-14,-13,5,6,8,6,8,10,11,11,14,30,33,31,12,13,9,12,11,8,8,8,6,7,5
520226,,,,,,,,,,,,,4,7,2,10,9,3,11,13,14,14,11,2,2,-4,5,3,3,0,-4,-4,-8,-3,-1,3,-2,0,-2,-10,-5,-2,4,-0,1,4,-3,13,1,5,5,7,-1,7,1,6,14,7,8,7,13,10,9,9,14,11,9,15,5,9,5,6,4,4
520236,,,,,,,,,,,,,2,-0,3,-1,-1,-2,-2,-2,1,-2,-0,-0,2,-1,1,2,4,3,3,3,2,3,1,1,0,2,0,0,-1,-1,-0,-2,-1,1,2,-1,-0,4,4,4,4,5,6,7,5,6,5,7,9,4,5,9,11,10,9,10,12,11,11,12,12,12
520237,,,,,,,,,,,,,1,4,0,1,4,2,1,1,-1,2,-1,-0,1,1,3,1,0,1,-2,-0,2,0,5,2,1,0,-0,2,-0,0,1,1,-1,2,-2,-0,-0,0,3,3,3,6,6,4,8,6,7,10,12,9,7,8,3,4,-7,-11,-6,-7,-3,-13,-4,-6
520241,,,,,,,,,,,,,-2,0,-2,-2,-1,-2,-2,-1,0,-0,1,1,1,0,0,2,1,1,2,0,1,1,0,0,2,3,5,5,5,6,3,3,2,4,4,4,2,2,1,-1,-1,1,1,2,3,0,1,1,1,2,1,4,5,5,7,6,4,5,6,6,6,5
520243,,,,,,,,,,,,,-0,-0,1,-1,1,1,-0,2,-1,2,2,4,4,6,5,3,7,6,3,5,7,6,4,2,2,1,1,3,1,2,3,1,1,-1,1,-0,1,-0,-1,3,-0,1,2,2,2,0,0,3,2,2,4,4,6,5,5,5,5,9,8,7,8,7
520247,,,,,,,,,,,,,-4,-0,-7,-2,-5,-7,-3,4,2,3,-0,4,2,-2,4,2,4,4,15,6,5,6,3,-5,-8,-4,-7,-10,-9,-8,-15,-14,-9,-14,-9,-1,1,-9,0,3,-1,1,-2,2,-0,9,6,13,8,20,11,14,13,16,17,15,17,11,15,8,13,9
520250,,,,,,,,,,,,,1,-3,-2,1,-3,-3,0,0,-2,4,5,6,9,11,10,8,12,12,7,8,11,4,2,1,1,-2,-1,4,-0,-1,2,-1,-0,2,-1,0,-1,0,2,-1,3,6,6,7,6,6,9,8,8,10,7,10,8,3,3,2,2,2,0,1,-1,0
520255,,,,,,,,,,,,,,,,,,,,,,,,,,,,,,,,,,,,,,,,,,,,,,,,,,,,,,,,,,,,,,,,,,,,,,,,,11,6
430211,,,,,,,,,,,,,2,3,4,1,3,2,2,2,2,1,1,2,-0,1,-1,1,4,2,5,3,2,2,2,-2,4,3,3,3,-2,0,2,4,5,8,5,9,8,7,7,4,7,11,7,5,5,5,8,8,5,7,8,10,7,4,5,6,4,2,0,-1,-0,-2
430216,,,,,,,,,,,,,-2,-0,2,-1,0,-3,-3,-1,-1,-5,-3,-2,-0,-3,-5,-5,-0,-2,2,-1,-6,-0,-3,-5,-3,-3,-1,3,-3,-1,-3,-3,-1,2,1,3,2,5,5,6,7,6,9,8,8,7,8,9,8,5,3,3,1,2,2,1,1,2,1,1,1,1
430224,,,,,,,,,,,,,-0,-3,-2,-0,1,3,-0,-2,1,-2,-0,0,-2,0,-2,-9,-8,-7,-3,-0,-5,-2,-2,-5,3,2,1,10,5,5,2,0,5,6,3,6,1,4,6,6,7,6,9,8,6,6,7,7,7,5,2,3,4,2,3,2,5,3,0,0,2,1
430233,,,,,,,,,,,,,-1,-1,-1,5,2,1,3,4,4,4,4,4,2,2,2,4,5,2,1,1,2,2,4,5,5,11,10,3,8,13,15,14,15,13,13,12,17,14,8,16,9,12,7,12,8,10,10,12,12,13,15,8,14,9,8,6,9,8,7,7,-1,1
430234,,,,,,,,,,,,,2,-1,1,2,1,1,1,-1,2,-1,1,5,3,3,1,1,3,5,1,5,0,2,0,2,5,7,8,6,5,5,8,8,11,8,8,7,4,6,6,9,7,9,8,7,7,8,11,9,15,13,10,8,13,8,9,9,10,9,7,7,2,1
430235,,,,,,,,,,,,,-0,-0,1,-1,1,3,3,2,3,-0,-0,-2,-0,-0,-1,1,3,2,2,-0,-0,2,-1,3,1,1,0,2,-2,-0,0,2,1,1,3,1,-0,1,2,-1,3,-0,-0,1,2,4,4,7,10,8,8,8,8,12,14,10,13,9,7,7,-1,4
430237,,,,,,,,,,,,,,,,,,,,,,,,,,,,,,,,,,,,,,,,,,,,,,,,,17,18,16,14,21,13,14,13,12,15,9,15,17,8,9,15,5,10,7,6,7,4,2,-4,-2,-0
430425,,,,,,,,,,,,,,,,,,,,,,,,,0,4,1,-2,-2,2,8,3,-1,4,-1,1,4,3,1,2,5,1,-2,-1,1,-2,2,7,4,6,7,11,11,10,13,13,14,17,10,4,3,2,4,6,3,2,2,-1,-2,1,1,0,2,2
430422,,,,,,,,,,,,,3,5,6,4,7,8,6,2,1,2,1,-1,-6,-6,-6,-10,-11,-11,-6,-4,-4,-4,-2,-4,-2,-1,-1,2,2,1,-0,-1,0,1,1,3,8,10,10,11,10,12,13,11,14,16,13,13,10,12,9,12,12,10,7,8,6,5,5,7,4,-1
520118,,,,,,,,,,,,,-1,-1,-1,-0,-1,-1,-1,-5,-6,-8,-6,-6,-6,-5,-6,-9,-7,-5,-5,-5,-4,-4,-7,-7,-3,-6,-2,1,-1,-3,-0,3,1,7,12,13,14,13,14,14,16,15,13,11,10,9,7,-0,-6,-5,-9,-9,-10,-8,-9,-8,-11,-7,-11,-10,-6,-7
430509,,,,,,,,,,,,,-15,-20,-13,-10,-31,-13,-14,-8,-4,-7,-8,-10,-1,3,-2,-1,7,1,1,6,-1,7,3,-1,-6,-4,-8,-6,-9,-6,-10,-6,-9,-13,-4,-1,1,-1,4,14,15,9,16,15,26,30,25,29,21,25,32,19,24,28,23,20,14,10,1,8,6,9
430529,,,,,,,,,,,,,-4,-5,-7,-2,0,2,2,2,3,3,3,3,6,7,2,-0,-1,-1,-1,-0,-3,-3,-4,-5,-6,-9,-5,-4,-3,-3,-3,-3,1,0,2,5,5,7,8,9,7,7,9,10,11,18,19,16,17,14,19,22,28,28,26,26,23,15,14,14,8,12
430533,,,,,,,,,,,,,6,2,3,6,-0,3,4,-3,5,8,2,4,2,6,1,7,8,2,-5,3,-0,1,1,4,5,6,6,1,1,6,13,11,10,3,7,4,3,0,5,7,17,18,21,19,23,29,31,33,30,36,33,33,20,21,14,12,6,5,-1,-1,0,-3
430540,,,,,,,,,,,,,,,,,,,,,,,,,1,-1,-1,-4,4,2,6,-3,-1,-1,0,4,5,7,0,5,1,3,-2,5,14,8,9,2,9,9,16,20,19,13,17,23,10,24,22,25,20,22,15,10,17,19,17,12,14,8,5,3,5,5
430542,,,,,,,,,,,,,,,,,,,,,,,,,,,,,,,,,,,,,,,,,,,,,,,,,,,,,,,,,,,,,11,14,19,12,16,15,18,14,10,15,18,10,4,2
430543,,,,,,,,,,,,,,,,,,,,,,,,,,,,,,,,,,,,,,,,,,,,,,,,,,,,,,,,,,,,,14,15,15,14,13,10,7,7,6,5,-2,-3,-4,-4
430507,,,,,,,,,,,,,-0,1,5,4,5,3,4,2,-0,2,3,3,1,1,-1,-3,-1,-3,-2,-1,-3,-6,-6,-11,-9,-11,-8,-6,-9,-8,-7,-7,-3,-4,-4,2,6,7,7,8,13,13,14,19,18,20,19,16,13,12,15,18,16,16,12,7,7,8,8,10,8,7
430531,,,,,,,,,,,,,-6,1,1,-2,-0,1,2,5,1,-1,1,-2,4,-3,-4,-4,-3,-4,-8,-2,-4,2,4,-1,1,1,8,10,5,10,9,3,9,7,-2,7,2,8,-0,4,3,3,14,10,7,5,8,8,3,5,7,8,13,15,7,9,11,15,11,11,16,10
430414,,,,,,,,,,,,,1,1,3,2,1,1,3,5,1,-2,-1,-4,-11,-12,-10,-11,-12,-11,-13,-11,-12,-9,-8,-7,0,-0,2,3,2,4,5,4,5,6,5,6,9,10,10,7,10,7,8,14,11,14,9,12,8,11,12,10,8,11,11,4,6,6,4,5,2,1
430304,,,,,,,,,,,,,-3,-6,-5,-3,-0,-4,-3,1,1,1,1,2,2,4,1,3,0,3,4,2,1,-0,3,1,3,-2,-0,3,5,2,1,3,2,6,4,5,6,14,10,5,9,9,9,10,11,12,10,10,8,8,12,12,11,11,10,12,9,8,5,8,9,1
430407,,,,,,,,,,,,,-3,2,2,-1,2,5,0,-0,-4,-4,-2,0,1,-1,-5,-2,-5,-9,-2,1,-2,-3,-3,-4,-4,-9,-4,-1,-5,0,-1,-3,-3,7,9,6,21,22,21,20,24,26,25,22,29,16,15,15,4,5,3,-1,-2,-5,-8,-5,-6,-2,-4,-1,-2,-4
430423,,,,,,,,,,,,,-3,2,1,-1,-1,1,-1,0,-3,-1,0,0,-0,-0,-1,-2,-0,3,7,3,2,-0,1,2,-2,-2,-1,-2,-5,-8,-7,-5,-4,-2,2,-1,8,4,6,9,14,14,10,13,16,10,6,12,9,6,5,4,2,1,3,7,-1,8,3,0,-5,-3
430419,,,,,,,,,,,,,4,2,2,2,1,1,3,3,5,-0,-1,1,-4,-3,-2,-2,-1,1,-1,-1,-6,-1,-2,-2,2,1,-2,-1,-4,-5,-6,-2,-1,-2,2,1,2,3,6,8,10,9,13,11,10,12,10,7,8,7,6,2,4,4,5,2,-1,1,-0,1,-2,-1
430505,,,,,,,,,,,,,-2,2,2,2,3,4,4,5,5,4,4,4,7,3,3,7,6,6,7,2,1,2,-2,-3,-1,1,1,-3,-1,-3,-4,-1,3,1,6,7,6,5,11,15,19,22,24,29,28,32,33,35,31,29,21,15,12,10,6,-0,-2,-5,-6,-10,-9,-10
430307,,,,,,,,,,,,,9,1,-1,2,-2,-0,-2,-5,-3,-5,-7,-5,-7,-4,-1,-2,-7,-15,-8,-9,3,2,5,-4,2,-1,4,-0,9,17,7,8,-1,11,3,17,10,15,6,9,12,5,5,6,10,-4,7,-4,-5,-1,5,7,0,4,7,5,2,3,1,9,8,7
430317,,,,,,,,,,,,,1,3,-2,-1,-5,-10,-6,-9,-5,-8,0,-0,0,-5,2,2,7,16,12,5,8,-1,6,-1,-0,-3,-3,-2,-5,-14,-6,2,2,9,5,21,18,19,18,18,14,22,15,13,11,7,8,1,1,5,6,11,10,10,7,3,5,6,5,6,10,-1
430351,,,,,,,,,,,,,-4,-3,5,-3,1,-3,-2,-2,-4,-8,-7,0,-5,5,2,9,2,5,2,-3,-2,1,8,-3,5,6,7,-8,-4,1,2,6,7,6,7,9,13,-1,3,16,10,7,16,11,10,19,15,14,12,23,9,11,15,9,-1,-3,4,-5,-10,-3,-7,-6
430356,,,,,,,,,,,,,-1,3,1,-1,3,-2,-3,5,2,1,-2,-2,-1,-6,-2,-1,-4,-0,4,-5,1,0,0,-1,6,6,5,8,6,7,8,9,7,7,11,5,4,8,6,2,3,7,2,4,5,8,8,13,8,8,9,10,11,6,8,7,2,3,-5,2,1,0
430358,,,,,,,,,,,,,5,-4,-3,-2,-4,-5,-5,-5,-2,1,-6,-8,-10,-6,-7,-6,-7,-6,-4,-5,-4,-5,-7,-12,-3,1,2,-0,3,3,2,4,1,-4,14,27,21,10,26,27,24,24,23,23,27,16,-2,0,-0,12,-1,-1,2,-0,-1,-4,-7,-3,2,-4,-4,-20
430362,,,,,,,,,,,,,1,-0,0,-3,-3,-1,-1,-2,-3,-2,-0,0,-0,-0,1,3,1,-1,3,2,6,4,2,3,2,6,7,5,8,9,8,13,8,12,10,15,13,13,9,14,13,13,13,11,14,12,10,9,16,16,18,9,10,8,7,4,2,3,5,5,0,-3
430524,,,,,,,,,,,,,8,6,7,5,5,5,5,9,9,1,-1,-3,-7,-8,-13,-13,-14,-16,-18,-17,-21,-26,-26,-22,-22,-19,-16,-14,-14,-9,-7,-7,-3,3,5,2,7,2,6,3,5,2,6,-3,-4,-3,1,-0,-0,-3,-3,-5,-8,-6,-7,1,0,0,-6,-4,-8,2
430541,,,,,,,,,,,,,,,,,,,,,,,,,,,,,,,,,,,,,,,,,,,,,,,,,3,0,2,2,10,10,11,9,17,16,17,18,16,11,15,13,9,5,6,7,-1,-1,-3,1,-5,-7
630166,,,,,,,,,,,,,,,,,,,,,,,,,,,,,,,,,,,,,,,,,,,,,,,,,,,,,,,,,,,,,,,,,,,,,,,,,3,3
430229,,,,,,,,,,,,,8,2,3,2,3,2,2,3,-0,-6,-3,-2,-4,-2,-1,-2,-3,1,0,-1,3,2,-2,-0,2,-1,2,3,3,2,-0,-1,-0,4,6,3,4,5,3,2,1,0,2,5,3,1,2,-1,0,-1,-0,1,2,3,2,3,-1,-5,0,4,2,4
430236,,,,,,,,,,,,,-1,-3,-2,-7,-5,-4,-2,-2,1,0,5,3,6,8,7,9,7,-0,1,5,8,9,4,-0,-1,-2,-4,-1,-1,4,3,1,-2,0,-2,-1,4,6,15,2,7,4,-1,2,-6,5,9,9,-3,2,-3,10,4,5,9,9,17,10,5,9,16,8
520136,,,,,,,,,,,,,-2,-2,-1,-0,0,-3,-1,-2,-0,-1,-1,-5,1,1,2,-2,-10,1,0,1,2,3,5,5,-5,-5,-4,-2,6,-1,-2,-2,-4,-5,-8,-4,3,2,7,9,6,7,6,6,6,5,3,-0,0,-1,-4,-4,-2,-4,-5,-4,-1,-3,-1,-1,-2,-2
430101,,,,,,,,,,,,,-2,-2,-1,-4,-0,-2,-0,-2,-0,-1,2,2,-2,-4,-1,-0,-2,0,4,2,-1,0,-1,2,6,9,9,9,13,12,9,10,17,14,16,16,15,11,15,15,12,13,12,13,9,13,13,13,12,11,11,9,8,5,6,5,4,1,-0,-4,-2,-3
430104,,,,,,,,,,,,,1,3,2,-2,-2,-2,-1,-1,-1,-1,-1,1,-0,-5,-6,1,-2,-3,1,-2,-2,-0,-0,-3,1,-1,4,1,3,5,2,4,7,5,6,8,9,10,11,11,12,13,12,12,11,10,9,12,11,11,9,10,9,8,7,6,7,7,7,5,2,4
430119,,,,,,,,,,,,,2,2,1,3,8,5,7,8,7,6,7,5,3,4,4,5,4,3,3,3,1,2,3,3,4,3,4,3,6,7,8,9,9,13,13,12,17,21,20,22,19,21,21,21,24,21,21,22,26,21,20,20,19,15,16,13,11,7,7,6,-1,-0
430120,,,,,,,,,,,,,-4,-3,-3,-4,-3,-2,-0,-2,0,-0,0,1,-2,-3,-3,-0,-9,-4,-2,-0,-0,0,-1,-0,5,3,4,6,15,7,6,6,9,9,11,10,9,12,13,10,10,15,16,16,12,13,12,12,11,10,9,9,8,3,2,1,1,0,0,1,-2,-3
430127,,,,,,,,,,,,,0,1,2,-3,2,0,3,0,3,1,3,5,2,-3,0,-1,-3,0,5,1,-2,-2,-2,-3,3,6,6,8,11,10,7,8,12,12,13,14,11,9,12,14,13,11,10,9,9,11,10,9,11,10,8,7,4,5,3,4,4,-0,1,-1,-3,-4
430133,,,,,,,,,,,,,-4,-4,-4,-6,-3,-2,-3,-4,-2,-2,-3,2,-1,-1,-0,0,-2,-3,-1,0,-0,0,-2,-1,2,-0,2,3,5,7,9,6,11,10,14,11,10,16,16,13,13,12,11,12,9,10,10,9,9,5,5,6,6,4,3,2,1,-2,-1,-3,-4,-5
430134,,,,,,,,,,,,,1,2,1,0,2,1,1,-1,2,1,2,1,1,0,-2,-2,-3,-3,-0,-1,-2,-0,-0,0,1,1,2,3,5,6,5,5,4,5,2,4,6,11,12,13,11,11,8,8,8,8,7,10,8,2,1,3,0,0,-0,3,4,1,4,-0,1,-1
430137,,,,,,,,,,,,,3,3,2,-2,0,2,5,-1,3,-0,-0,4,1,-5,-2,5,4,-2,-2,-4,-2,1,0,-1,4,2,2,0,2,7,9,12,14,14,15,19,19,18,24,21,20,19,20,17,13,12,12,6,6,7,5,5,6,3,1,-1,-2,1,2,2,-1,-1
430138,,,,,,,,,,,,,6,2,1,1,1,2,1,-1,3,1,-0,1,-4,-2,-3,-2,2,-3,-1,-2,-3,-2,-3,-2,3,1,4,4,-1,3,5,7,8,4,7,6,11,10,10,11,13,10,9,10,10,15,14,13,8,8,6,7,5,8,7,4,2,-2,-2,-1,-4,-5
430139,,,,,,,,,,,,,-1,0,-1,2,6,5,5,6,8,5,5,4,3,2,2,3,3,2,1,1,-1,0,2,3,3,1,0,2,2,5,3,4,2,8,6,6,15,19,21,20,20,22,26,25,31,25,25,25,26,23,20,22,20,15,15,12,10,9,9,6,-2,-1
430141,,,,,,,,,,,,,-1,-2,-2,-3,-2,0,3,0,2,3,1,1,2,3,5,7,8,8,10,12,9,10,11,9,12,10,10,10,9,7,9,7,7,8,11,12,10,11,14,13,11,12,10,12,12,12,10,8,8,7,5,5,9,4,4,1,3,0,1,1,-3,-7
430142,,,,,,,,,,,,,2,-3,0,-2,0,-2,0,1,1,-2,-4,-3,-5,-2,-1,7,5,3,4,3,0,1,1,3,0,2,-0,-6,-5,-3,-4,-4,0,5,6,7,15,13,14,13,18,18,17,19,11,9,9,6,1,1,1,3,1,-2,-1,-2,-3,-5,-8,-7,-7,-4
430143,,,,,,,,,,,,,,,,,,,,,,,,,1,-0,2,4,1,5,1,0,0,-2,-1,-1,3,-0,2,5,1,-1,4,5,8,9,9,8,10,11,13,12,13,14,12,14,13,13,13,12,10,10,10,9,8,6,6,3,3,2,2,-1,-2,-2
430144,,,,,,,,,,,,,,,,,,,,,,,,,,,,,,,,,,,,,,,,,,,,,,,,,,,,,,,,,,,,,10,10,11,6,5,3,6,4,3,1,-0,-1,-3,-3
520132,,,,,,,,,,,,,0,7,5,0,1,2,1,1,2,-1,2,2,-2,1,-0,1,1,4,5,3,4,9,9,11,17,12,12,18,16,16,16,18,18,15,12,11,12,14,15,10,12,8,9,8,8,6,6,6,8,6,6,3,4,5,4,3,3,3,5,4,-5,-2
410602,,,,,,,,,,,,,1,1,1,4,4,3,4,4,5,7,6,5,5,4,3,2,3,4,3,1,2,1,1,1,2,2,2,1,1,1,1,2,6,6,8,9,9,10,10,11,11,12,14,13,11,12,11,10,9,9,8,9,8,9,8,9,6,5,5,3,4,4
410607,,,,,,,,,,,,,9,9,8,7,8,3,9,9,5,4,3,2,1,1,1,1,-1,-2,-1,-1,-2,-1,-1,1,2,2,2,3,4,7,3,2,2,1,2,3,2,3,3,4,3,6,9,15,17,17,14,16,18,20,20,19,22,11,11,7,4,5,6,3,1,-3
410611,,,,,,,,,,,,,3,3,1,-1,-0,1,2,2,3,2,2,3,2,2,0,2,0,1,1,1,2,2,1,-0,0,0,0,-0,2,0,1,3,0,1,-3,-1,-1,3,4,4,2,-1,-3,-5,-0,4,10,10,11,8,7,6,10,11,12,13,11,6,6,6,4,4
410614,,,,,,,,,,,,,-1,-3,-9,-10,2,3,-0,2,6,1,3,2,2,3,8,11,2,2,3,3,-3,-4,-5,-5,-7,-10,-10,-10,-10,-9,-8,-5,-2,-0,-2,1,4,9,11,9,7,5,3,1,8,8,9,8,6,6,4,6,6,7,9,10,5,7,8,7,7,7
410621,,,,,,,,,,,,,0,1,5,4,5,5,4,3,7,8,7,6,5,3,4,3,1,2,3,3,-0,-0,0,0,-0,1,-0,-0,-0,2,2,2,1,3,4,2,2,5,8,9,10,7,8,8,10,10,9,11,12,10,9,8,6,7,6,6,5,2,4,3,4,3
410625,,,,,,,,,,,,,13,2,17,1,3,2,1,1,-2,0,0,-0,1,1,2,0,-1,-4,1,-1,-1,-2,0,-0,-1,1,1,2,3,8,4,6,5,10,9,8,9,11,13,13,12,12,10,10,13,8,8,9,8,5,5,4,4,3,4,3,1,2,1,1,1,1
410629,,,,,,,,,,,,,-2,-13,-15,-15,-11,-11,-14,-7,-5,-7,-5,-6,-3,8,11,12,7,5,6,0,-2,0,-4,-3,-1,2,-1,-1,-2,1,3,0,1,4,3,4,3,-1,6,7,7,7,7,10,9,9,11,13,11,16,12,16,10,10,6,6,6,5,3,2,5,9
410631,,,,,,,,,,,,,-5,-2,-4,-4,-2,-2,3,4,5,4,7,5,11,6,6,1,4,0,-0,3,5,5,5,4,1,-1,-0,4,-1,2,2,-1,-0,2,1,1,3,4,3,5,7,5,7,9,10,9,8,10,6,6,6,4,3,5,3,1,0,-1,-0,-2,2,2
410632,,,,,,,,,,,,,0,-1,-1,-0,-1,-1,-0,-0,-0,-1,-1,-1,-4,-4,-3,-3,-4,-5,-5,-3,-2,-2,-2,-0,-1,-1,-1,-0,1,3,4,3,2,2,3,4,7,7,7,6,7,4,2,1,1,2,-1,-1,-4,-3,-3,-3,-3,-1,1,1,1,0,0,-0,1,1
410633,,,,,,,,,,,,,6,5,1,-1,1,0,0,-1,-1,-0,-1,-2,-2,-0,0,-0,2,0,1,-0,-2,0,0,2,3,7,6,11,14,25,37,50,59,67,73,68,69,60,63,58,50,41,30,19,15,4,1,2,1,2,1,-2,-2,-5,-6,-7,-8,-9,-10,-11,-11,-11
410637,,,,,,,,,,,,,3,5,1,1,1,-0,2,-0,1,2,0,-1,2,1,3,3,3,3,1,3,2,-3,-2,1,0,3,2,1,1,4,6,3,4,9,9,9,8,10,11,14,19,19,19,27,39,45,50,46,47,39,37,36,29,29,30,21,10,4,1,-0,0,2
420103,,,,,,,,,,,,,1,2,2,0,4,4,4,3,4,1,4,3,3,4,4,5,4,4,4,3,4,4,2,1,2,1,1,2,2,3,1,2,2,2,2,4,4,6,10,11,15,20,25,28,30,35,34,31,33,32,25,23,19,13,8,6,4,-2,-3,-2,-4,-5
420405,,,,,,,,,,,,,1,5,0,0,-1,-4,-3,-2,-7,-10,-7,-1,6,-8,-25,-42,-46,-35,-34,-35,-38,-37,-39,-28,-25,-9,13,40,56,38,37,36,49,69,85,52,47,53,114,114,123,129,114,86,102,70,57,47,40,20,-23,-27,-39,-46,-38,-15,-20,-18,-20,-16,-17,-9
430228,,,,,,,,,,,,,2,2,5,1,7,7,5,11,10,6,2,1,5,2,-1,-9,-11,-9,-1,-2,-4,-1,-2,-2,-2,-3,-1,11,10,7,-0,-1,-1,-0,-0,0,1,2,5,5,4,3,8,10,11,9,11,12,13,11,8,10,8,6,6,3,1,2,3,0,-0,2
430413,,,,,,,,,,,,,4,4,3,3,3,3,4,3,3,2,2,3,1,1,1,-1,-2,1,1,2,1,2,2,0,0,-0,1,5,5,3,3,2,3,3,5,6,7,8,7,8,9,9,11,12,14,14,13,14,13,13,12,11,10,8,6,7,4,3,2,1,2,2
430539,,,,,,,,,,,,,8,4,1,3,-1,-3,-1,-3,-5,-8,-6,-8,-7,-10,-2,-4,-3,-5,-9,-3,-3,-2,-7,-8,-8,-6,-12,-10,-13,-15,-11,-15,-13,-8,-5,-1,-2,-2,4,3,9,13,15,13,12,10,10,9,8,9,8,12,9,9,7,6,7,8,7,8,8,10
430525,,,,,,,,,,,,,1,0,-0,3,-0,2,0,-0,-1,-1,2,3,1,-2,2,-0,1,-1,-1,-2,-1,1,-8,-5,-6,-7,-7,-7,-1,-0,1,6,6,3,13,14,9,13,12,12,6,7,9,6,5,8,11,13,13,11,10,9,9,8,4,5,7,3,2,2,1,-1
430526,,,,,,,,,,,,,1,1,2,1,2,1,2,2,2,1,1,1,1,1,1,7,7,-1,5,2,1,2,1,3,3,5,4,-2,-2,6,-2,1,2,3,3,2,3,1,1,1,2,3,4,4,4,4,5,3,3,3,3,3,2,2,2,2,1,2,1,2,2,1
430527,,,,,,,,,,,,,4,5,6,4,3,4,5,6,4,4,3,3,2,-1,-0,-2,-1,-1,-2,-1,-1,-1,-1,-1,-1,-0,0,2,1,2,2,3,2,2,3,3,4,6,8,13,20,23,24,31,35,37,39,37,39,36,33,26,20,16,16,9,6,3,-0,0,-1,-1
430530,,,,,,,,,,,,,0,1,4,3,2,1,-0,2,2,2,3,3,1,0,1,2,2,6,7,5,5,5,3,3,5,4,6,4,9,4,6,4,4,5,5,3,7,7,8,9,6,5,5,7,5,7,13,14,8,9,7,7,7,10,10,7,10,7,3,3,5,1
430535,,,,,,,,,,,,,0,-0,1,-2,-2,-2,-2,-0,1,2,1,3,2,4,4,4,3,2,3,2,4,2,1,-1,0,-1,-1,-1,-4,-4,-4,-4,-4,-3,-2,-2,-3,-4,-2,-1,2,3,3,2,2,2,1,2,3,4,1,2,0,1,2,-0,1,2,0,0,1,1
430409,,,,,,,,,,,,,3,2,5,-1,-2,0,2,5,4,2,1,-0,-1,-1,-0,1,-1,-2,-4,-3,-8,-6,-10,-15,-14,-13,-12,-12,-7,-7,-5,-7,-2,-6,-0,9,18,18,17,16,13,12,11,10,17,15,16,14,4,2,1,4,4,5,9,7,1,5,6,5,5,6
430503,,,,,,,,,,,,,2,4,3,1,5,3,5,5,3,5,3,4,5,4,3,8,10,2,-3,-2,-1,3,0,-1,-4,-1,-2,-6,-5,2,8,9,5,6,4,3,6,8,8,14,10,6,1,5,8,-1,1,5,6,4,11,6,8,9,9,6,8,13,10,4,7,3
520134,,,,,,,,,,,,,3,2,3,3,1,4,9,7,2,5,-3,-3,2,10,7,-3,-6,-5,-10,-7,-8,-7,-12,-3,-11,-17,-11,-4,-4,-4,-1,-6,-1,0,9,2,11,10,8,14,18,17,17,15,12,12,14,9,8,5,5,2,-2,-3,-1,-1,-3,-3,-7,-5,-2,-1
630156,,,,,,,,,,,,,-1,1,3,-1,4,3,-2,6,-1,-2,-0,2,-0,-3,-2,-0,3,-3,-0,-1,3,2,-1,-0,-3,-2,-5,-3,-4,1,-3,-1,-0,-0,1,0,5,0,3,1,4,4,5,1,-1,-0,4,-2,-2,-2,4,4,-2,1,-0,-2,4,0,-6,-3,-2,-0
630159,,,,,,,,,,,,,-9,-7,-8,-9,-7,-9,-8,-11,-12,-13,-9,-12,-10,-12,-11,-12,-9,-2,-2,0,1,1,-2,2,1,4,7,7,5,8,6,3,8,7,10,6,10,5,4,2,-4,-10,-10,-7,-9,-11,-13,-7,-14,-10,-10,-7,-1,-2,-5,-2,-8,-3,-4,-7,-6,-6
630160,,,,,,,,,,,,,-17,-13,-14,-16,-17,-15,-15,-11,-10,-9,-11,-12,-9,-10,-8,-8,-5,-9,-10,-9,-9,-12,-9,-7,-5,-4,-5,-6,-0,0,9,6,7,9,8,3,-1,-5,-9,-12,-21,-19,-21,-22,-20,-21,-16,-6,-7,-4,0,9,11,15,10,9,6,8,1,-7,-3,0
630164,,,,,,,,,,,,,,,,,,,,,,,,,,,,,,,,,,,,,-2,-3,-2,2,2,5,-5,-11,-7,-3,0,1,5,8,13,10,8,8,23,25,22,18,17,13,12,12,4,2,6,4,-2,-3,1,3,-1,1,-1,-1
630434,,,,,,,,,,,,,2,2,3,1,2,1,1,1,1,0,0,1,1,2,2,-6,-7,-5,-5,-1,-0,0,-8,-6,-6,-6,-7,0,9,7,7,2,2,3,11,8,9,9,9,10,3,4,4,3,3,2,3,4,4,4,3,4,5,5,5,5,5,8,8,8,4,4
630437,,,,,,,,,,,,,-2,-3,-2,-1,2,2,1,3,4,1,5,3,-0,2,5,-6,-10,-7,-1,3,3,4,-5,-5,-3,-2,-9,-0,12,8,1,-1,-4,-2,14,6,5,1,7,4,-2,-3,-2,-5,-2,-1,-5,3,4,4,4,9,5,3,3,3,2,3,2,4,6,5
630439,,,,,,,,,,,,,7,10,8,7,6,6,8,5,5,2,3,3,5,2,4,-11,-16,-6,-19,3,2,4,-14,-12,-14,-10,-15,2,19,3,17,-3,-4,-2,15,16,13,10,16,11,2,7,6,4,7,3,3,0,3,3,0,5,10,7,11,10,9,9,9,9,10,7
630440,,,,,,,,,,,,,,,,,,,,,,,,,1,-1,0,-6,-10,-7,-3,1,2,3,-2,-3,-3,0,-1,5,16,13,11,8,8,8,12,13,18,16,19,14,14,11,9,5,11,4,15,10,-1,-3,-4,1,-4,-3,-2,7,-2,8,1,4,9,10
630226,,,,,,,,,,,,,4,2,5,2,2,3,-5,-5,-1,-1,-6,-5,-3,-5,-3,-1,-4,-1,-1,1,-8,-9,-3,-5,-8,-4,-6,-3,-1,-10,6,7,23,23,22,23,13,9,8,4,6,13,3,-3,-7,-10,-9,-3,7,10,7,4,4,4,4,7,5,9,6,-1,1,-3
630376,,,,,,,,,,,,,3,6,5,5,5,9,-0,-0,-0,2,-1,-1,-0,-5,-6,8,5,-5,5,4,5,2,4,9,10,11,10,-3,0,6,1,3,7,5,7,1,2,10,5,8,11,11,10,10,3,5,7,5,5,1,6,5,-0,4,5,-3,2,4,2,1,1,-2
630314,,,,,,,,,,,,,-2,4,1,-2,-0,-2,-4,-3,-5,-4,-6,-1,-2,-4,-3,5,7,2,-0,1,4,1,3,4,2,5,3,-0,-6,-0,1,0,-1,1,-2,-1,-2,-1,-3,-4,-2,-2,-1,-3,-2,-0,2,-4,-3,-0,-1,1,1,-2,-3,2,-1,-2,-3,3,-1,-4
630317,,,,,,,,,,,,,-2,2,5,4,2,-2,-1,-3,-2,1,1,2,4,4,-2,-6,-1,5,3,4,3,2,-2,-2,-3,6,4,13,8,-2,4,3,9,4,9,8,3,-5,2,0,5,9,3,-4,-2,3,3,5,8,8,4,6,4,4,6,7,6,5,2,-0,-1,-5
630342,,,,,,,,,,,,,0,1,1,-0,1,1,1,2,1,1,1,2,2,1,4,4,3,1,0,2,3,4,3,4,6,5,4,4,4,3,5,2,2,1,1,1,0,1,0,2,2,5,4,6,6,8,9,8,7,7,6,6,7,4,6,4,4,3,2,1,2,2
630359,,,,,,,,,,,,,4,4,4,5,6,5,6,5,6,6,5,5,5,4,4,3,-1,-2,0,2,2,2,-0,2,1,0,1,-0,7,9,6,5,3,3,5,4,6,7,6,6,3,2,3,3,4,6,8,9,9,8,8,9,7,8,8,8,8,7,5,6,7,8
630368,,,,,,,,,,,,,1,3,2,2,4,5,6,5,3,4,2,3,2,2,3,1,-1,-3,-1,-2,-1,-2,-3,-3,-11,-6,-7,-9,-7,-8,-6,-4,-3,-2,-2,1,5,6,9,12,7,12,12,10,9,10,13,9,9,10,7,8,10,8,6,8,6,2,1,1,2,-3
630373,,,,,,,,,,,,,1,3,4,3,5,2,4,3,1,1,2,3,3,1,-0,7,5,12,6,6,6,5,17,18,16,8,-2,-8,-3,-9,-6,-1,-3,-4,-14,-14,-14,-1,2,0,-3,-1,0,1,-2,1,4,-2,3,-4,4,2,3,2,-1,-0,5,4,-1,3,0,1
630382,,,,,,,,,,,,,,,,,,,,,,,,,,,,,,,,,,,,,,,,,,,,,,,,,,,,,,,,,,,,,4,3,3,5,4,2,3,6,6,6,5,5,2,2
630505,,,,,,,,,,,,,-4,-6,-5,-7,-7,-5,-5,-4,-3,-1,-0,0,-1,-4,-3,-3,-4,-8,-6,-4,-3,-3,-3,-1,2,7,8,8,11,12,11,9,11,10,9,10,11,10,9,10,13,15,14,13,9,13,17,13,10,10,9,-0,3,-3,3,1,-0,-3,-3,-1,0,-1
630507,,,,,,,,,,,,,2,0,-1,-0,-2,-1,-3,-1,-1,-3,-1,1,-0,-0,0,1,0,3,7,2,2,1,0,6,3,7,9,7,6,3,2,8,4,4,6,-2,-2,-4,-4,-3,-2,1,-4,-2,-1,-1,-0,2,5,3,1,1,4,1,4,4,6,6,3,1,0,-1
630510,,,,,,,,,,,,,2,-0,-0,-1,-2,-0,0,-0,1,1,1,-0,-0,1,1,7,6,-2,-2,3,2,-1,-5,-3,0,3,2,-3,3,8,9,7,6,14,19,19,16,15,16,17,14,15,13,14,17,12,12,13,14,13,12,14,13,10,10,9,5,6,10,7,5,5
630518,,,,,,,,,,,,,0,-1,-2,-1,-0,-1,-1,-2,-2,0,1,-1,1,-1,-0,-2,-4,-6,0,2,2,1,-4,-0,-2,-2,0,2,3,7,-0,0,1,0,5,4,5,8,6,8,8,9,11,10,10,12,11,7,8,7,9,9,10,8,4,6,3,3,4,3,2,1
630519,,,,,,,,,,,,,-0,1,3,3,7,-4,0,6,6,5,6,12,11,7,7,10,13,18,-0,-6,5,9,7,6,7,9,9,3,-0,-0,21,23,10,4,3,11,12,13,13,12,17,15,6,8,15,17,16,8,5,4,4,5,7,9,14,8,3,2,-13,-7,-8,-7
630525,,,,,,,,,,,,,6,5,5,3,4,3,4,5,4,4,4,5,0,-1,0,-3,7,4,5,2,2,2,3,4,7,8,6,7,3,1,-2,2,6,3,5,6,6,9,11,15,10,17,18,16,12,17,16,14,20,17,16,15,14,14,15,14,13,11,9,9,3,2
630526,,,,,,,,,,,,,,,,,,,,,,,,,0,-1,-2,-18,-6,-3,-6,-15,-14,-13,-16,-14,-8,-9,-5,14,-1,-4,-4,3,4,3,5,7,1,3,3,3,4,5,-1,-1,7,8,8,4,6,1,-3,-3,-3,-5,5,4,2,0,-3,-2,5,16
640212,,,,,,,,,,,,,5,-2,-2,-1,-0,-3,-1,-13,4,-0,2,-1,2,6,4,1,1,3,8,6,-3,-3,1,3,1,-3,0,1,1,2,5,8,15,13,15,9,17,19,18,22,19,24,17,11,7,10,5,8,1,2,3,0,4,-2,4,-3,5,8,3,11,12,12
220324,,,,,,,,,,,,,2,2,2,2,3,2,3,2,3,3,3,3,4,4,4,3,3,3,4,6,3,3,3,3,2,2,2,3,4,4,4,2,4,4,4,4,5,5,4,4,4,4,3,4,4,4,4,4,4,5,5,5,5,6,6,6,5,5,6,6,8,7
640406,,,,,,,,,,,,,-2,-2,-2,-5,1,-4,4,2,10,9,-0,-9,-3,1,-3,1,0,0,-13,-8,-19,-21,0,-18,0,0,0,1,2,2,14,29,25,34,15,41,9,11,21,18,12,22,20,3,17,18,7,19,20,17,18,13,15,11,17,7,13,2,7,7,2,5
430613,,,,,,,,,,,,,4,8,8,9,10,10,10,5,6,6,7,7,7,3,3,-6,-6,-3,-4,1,-1,-1,-4,-5,-5,-5,-5,2,2,-0,0,2,1,2,5,5,8,20,21,23,24,29,35,35,39,39,37,36,35,28,29,32,31,28,21,18,16,14,15,15,16,10
430617,,,,,,,,,,,,,0,1,1,1,2,1,-0,1,-0,0,1,-0,1,1,1,13,14,5,4,1,1,4,3,4,4,3,4,-9,-8,-1,-2,3,1,-1,0,0,-0,2,1,3,2,4,5,6,7,5,5,5,3,4,4,4,2,1,4,1,3,3,2,3,-1,-3
430621,,,,,,,,,,,,,3,3,3,3,4,4,5,5,5,5,5,5,5,6,6,5,4,4,3,3,4,4,3,3,4,4,4,5,5,5,5,6,5,5,6,6,6,6,7,7,8,9,11,11,12,12,12,12,12,13,12,12,14,14,13,14,15,15,15,15,14,13
430622,,,,,,,,,,,,,4,5,5,5,5,5,5,4,5,5,5,5,5,4,4,3,3,3,3,3,3,3,3,3,3,2,2,2,3,3,3,3,3,3,3,3,3,4,5,6,7,7,8,8,9,11,12,13,13,13,13,12,12,12,11,11,10,9,9,9,9,8
430626,,,,,,,,,,,,,,,,,,,,,,,,,2,2,2,2,3,-2,-6,-1,-2,-3,-4,-7,-8,-7,-8,-9,-5,-2,0,-4,-4,-2,1,1,-1,-1,-0,0,-3,-0,3,10,15,14,12,17,19,19,18,17,19,16,16,8,4,5,6,2,-3,-1
430627,,,,,,,,,,,,,,,,,,,,,,,,,,,,,,,,,,,,,,,,,,,,,,,,,,,,,,,,,,,,,3,5,5,4,5,-1,2,3,2,-1,-1,1,-2,-0
630340,,,,,,,,,,,,,0,-0,1,0,2,1,1,1,1,0,-0,-1,-1,-1,-2,-0,-0,-2,-2,-2,-1,-0,2,3,2,2,1,2,1,5,4,4,2,3,2,-0,1,2,3,2,2,1,2,2,3,3,2,4,2,3,5,5,9,10,8,7,6,6,7,7,8,8
630343,,,,,,,,,,,,,14,8,8,3,3,5,7,2,2,4,6,-0,-2,-2,-4,-3,-3,-5,-3,-3,-3,-3,-3,-3,-4,-3,-1,1,4,6,3,3,4,-2,-2,1,-3,1,1,1,-1,-0,-1,-1,-3,-16,-15,-18,-14,-16,-16,-15,-15,-15,-15,-15,-14,3,8,9,9,8
630345,,,,,,,,,,,,,2,0,1,0,-1,-0,-1,-0,0,-0,-1,-1,0,2,2,3,2,2,2,2,3,4,4,13,13,13,13,13,13,14,13,13,12,12,15,6,6,13,8,13,13,13,10,10,10,9,6,9,10,3,7,6,7,7,9,8,9,10,10,6,6,12
630357,,,,,,,,,,,,,5,5,-2,-6,-5,-4,-1,-2,-8,-8,-4,-8,-8,-6,-3,-0,-2,-2,-2,-1,0,-1,-5,1,2,1,11,8,11,11,13,15,16,16,25,32,32,46,32,32,32,35,34,30,29,30,25,14,14,3,3,4,1,-1,-0,0,3,3,3,4,-2,-1
640219,,,,,,,,,,,,,3,3,3,3,3,3,3,3,3,3,3,3,3,3,3,1,0,0,1,2,2,2,0,3,0,0,0,1,1,0,1,-1,-1,-1,1,-2,1,2,1,3,3,4,3,3,3,4,5,5,5,5,5,5,6,8,9,9,9,9,9,8,8,8
640222,,,,,,,,,,,,,3,4,4,3,3,3,3,3,2,2,2,2,2,2,2,1,1,0,-0,-0,0,1,1,1,1,1,1,2,1,5,5,5,5,4,4,4,5,5,5,5,5,3,3,3,3,3,4,4,3,4,3,4,4,5,6,6,7,7,6,6,6,6
640224,,,,,,,,,,,,,4,3,4,4,4,4,4,4,3,3,4,3,3,3,3,2,2,1,2,1,3,2,2,3,2,2,2,3,3,4,4,4,2,2,3,2,3,3,3,3,3,3,2,3,4,3,3,3,3,3,3,3,2,2,2,2,1,1,2,2,2,2
640226,,,,,,,,,,,,,-1,-2,-1,0,1,1,1,1,1,1,2,2,2,2,1,0,0,0,0,2,2,2,1,1,0,1,1,2,5,5,5,3,4,5,5,6,6,6,7,6,4,4,4,4,5,4,5,5,5,4,3,3,4,5,5,5,4,3,2,2,1,2
640243,,,,,,,,,,,,,2,2,2,2,2,2,3,2,3,2,2,3,2,3,2,1,1,1,0,1,4,4,4,3,3,3,4,4,5,5,6,7,3,4,4,4,4,6,6,6,6,6,6,6,7,7,7,7,8,7,7,7,7,7,6,6,6,6,5,5,5,5
640244,,,,,,,,,,,,,,,,,,,,,,,,,,,,,,,,,,,,,,,,,,,,,,,,,,,,,,,,,,,,,5,6,6,7,7,5,5,5,4,6,6,5,6,7
440120,,,,,,,,,,,,,2,2,2,2,2,2,2,2,2,2,2,2,2,2,2,1,1,1,1,1,1,1,1,1,2,1,2,2,2,3,2,2,2,3,3,3,3,3,3,3,4,4,4,4,4,4,4,3,4,4,4,3,3,3,3,3,3,3,3,3,3,2
440126,,,,,,,,,,,,,2,2,2,2,2,2,2,2,3,3,3,3,3,3,3,2,2,2,2,2,1,1,1,1,1,1,1,1,1,1,1,0,0,0,0,0,0,1,1,1,1,1,2,2,3,5,5,6,6,6,7,7,7,8,7,8,7,5,5,6,6,6
440128,,,,,,,,,,,,,4,4,5,5,5,6,5,5,5,5,5,5,5,4,4,3,4,3,3,1,1,1,2,2,2,3,3,4,3,4,5,7,7,6,6,6,6,5,5,5,6,6,6,6,6,6,7,7,7,8,8,8,9,8,8,8,8,8,8,8,8,8
440129,,,,,,,,,,,,,3,4,4,4,4,4,4,4,4,3,3,3,3,3,3,0,0,0,6,4,3,4,5,5,5,4,4,7,6,6,1,3,4,4,4,4,3,4,4,4,4,4,5,4,5,4,3,3,3,3,3,4,4,4,3,3,3,3,5,4,4,4
440232,,,,,,,,,,,,,4,4,4,3,4,4,4,4,4,4,4,4,4,4,4,3,3,3,2,3,3,3,3,3,4,4,4,5,4,4,4,4,4,4,3,3,3,3,3,3,3,4,4,4,5,6,6,6,6,6,7,7,7,7,8,8,8,7,7,7,7,7
520324,,,,,,,,,,,,,5,4,4,4,5,4,4,4,4,4,4,4,4,4,4,4,3,3,2,2,3,3,4,4,4,4,4,4,5,6,6,6,7,6,5,5,5,4,4,5,4,4,5,5,6,7,8,8,8,9,10,10,10,10,11,12,11,10,10,10,10,10
520325,,,,,,,,,,,,,3,3,4,4,4,4,4,4,4,4,4,4,4,4,3,3,2,1,1,1,1,1,2,2,3,3,3,4,4,5,6,6,6,5,5,5,4,5,5,4,4,3,5,5,6,8,9,10,10,11,10,10,10,11,10,11,10,8,8,8,8,8
520301,,,,,,,,,,,,,3,2,3,3,3,3,3,2,2,2,3,2,3,3,3,2,2,2,8,8,9,10,9,9,8,8,8,9,11,11,5,4,3,3,3,4,4,5,5,6,5,6,5,6,6,6,7,7,7,7,7,7,6,6,6,6,6,6,5,5,5,4
520303,,,,,,,,,,,,,3,3,2,3,3,3,2,3,3,2,2,2,2,2,2,1,1,1,6,5,6,6,6,6,6,6,6,7,8,8,4,4,4,3,4,4,5,6,6,6,6,6,6,6,6,6,7,7,6,6,6,6,6,5,5,5,5,5,4,5,4,4
520311,,,,,,,,,,,,,2,2,2,3,3,3,3,3,3,3,3,4,3,4,3,2,1,2,5,6,5,5,5,5,5,4,4,5,6,7,3,3,3,3,4,4,5,5,5,5,6,5,5,6,5,6,7,7,6,7,7,7,6,6,6,6,6,6,5,5,5,4
520313,,,,,,,,,,,,,3,3,2,2,2,2,2,2,3,3,3,3,3,3,3,3,3,3,7,5,4,4,3,3,3,3,2,3,3,3,-0,1,2,1,1,2,2,2,3,3,3,4,3,3,3,4,4,4,4,4,4,4,4,4,4,4,4,4,4,4,4,4
520326,,,,,,,,,,,,,3,3,2,3,3,2,2,2,3,3,3,3,4,5,5,4,4,4,13,6,4,5,5,4,4,3,3,3,3,3,-4,1,4,3,3,3,3,3,4,5,5,6,5,7,7,7,7,8,7,7,7,6,7,6,7,6,5,5,5,5,6,4
520332,,,,,,,,,,,,,2,2,2,2,2,2,2,3,2,2,2,2,2,1,1,1,1,1,0,0,0,1,2,2,2,3,3,3,3,4,5,4,4,3,3,3,3,3,3,4,4,4,4,4,4,5,5,5,5,4,4,4,4,4,4,4,4,4,4,4,4,4
410508,,,,,,,,,,,,,1,1,1,1,1,1,1,1,1,1,1,1,1,1,1,-0,0,0,0,1,0,0,-0,0,0,-0,-0,0,-0,0,0,0,0,1,1,1,2,2,2,2,2,2,2,1,2,2,2,2,1,1,1,1,1,1,2,2,1,1,1,1,1,1
410509,,,,,,,,,,,,,1,1,1,0,1,0,1,0,0,0,0,0,1,1,1,0,0,1,0,1,1,1,0,1,0,0,0,0,0,0,0,0,0,0,1,0,1,1,1,2,2,2,2,2,1,1,1,1,1,1,1,1,1,1,1,1,1,1,0,1,1,1
410517,,,,,,,,,,,,,1,1,1,1,1,1,1,1,1,2,2,2,1,1,1,1,1,1,1,0,0,0,-0,-0,0,0,0,1,1,0,1,1,2,2,2,2,2,2,2,2,2,3,3,3,2,2,2,2,2,2,2,1,1,1,1,1,1,2,1,1,2,2
410518,,,,,,,,,,,,,1,1,1,1,2,2,2,2,2,2,2,2,2,2,2,2,2,1,1,2,2,1,1,1,1,0,0,1,0,0,1,1,2,2,2,3,3,3,3,5,5,5,4,4,4,3,3,3,3,3,3,1,1,2,1,1,1,1,1,1,1,1
440101,,,,,,,,,,,,,3,3,3,3,3,3,3,3,3,3,3,3,4,4,4,3,3,3,3,2,3,2,2,2,1,1,1,1,1,1,1,2,1,2,2,2,3,4,4,4,5,5,5,5,6,6,5,6,6,5,4,4,5,4,4,5,4,4,5,4,4,5
440113,,,,,,,,,,,,,4,4,4,4,4,4,3,3,2,2,3,3,3,4,4,4,4,4,4,5,5,4,4,4,4,4,3,3,4,4,4,3,2,2,3,2,4,4,4,5,5,4,5,6,7,6,6,6,5,5,4,4,3,3,3,3,3,3,3,4,4,4
440116,,,,,,,,,,,,,2,1,1,2,2,1,1,1,1,1,1,1,1,1,1,0,1,1,1,2,2,2,2,2,2,3,3,4,4,4,4,4,3,3,3,3,3,3,3,3,3,3,3,3,4,4,4,4,4,4,4,4,4,4,5,4,4,4,5,4,4,5
440118,,,,,,,,,,,,,2,2,2,1,1,1,1,1,1,1,1,1,1,1,1,1,1,0,0,0,0,1,1,1,1,1,0,0,0,1,1,1,1,0,1,1,1,1,2,2,1,1,1,1,2,2,2,2,2,1,1,1,2,2,2,2,4,9,10,10,10,10
440104,,,,,,,,,,,,,4,4,3,3,3,2,2,3,2,2,2,2,2,2,2,3,0,1,2,1,2,2,2,2,1,1,1,1,4,3,2,3,3,3,4,4,5,6,6,7,8,9,9,8,9,9,10,10,10,10,10,10,9,9,8,9,8,8,7,6,6,6
440105,,,,,,,,,,,,,3,3,3,3,3,3,3,3,3,3,3,3,4,3,3,3,3,2,3,3,3,3,4,4,3,3,3,4,5,5,5,5,5,5,5,5,6,7,7,7,7,8,9,9,10,10,10,10,10,10,10,9,8,8,7,7,6,6,6,6,6,6
440121,,,,,,,,,,,,,1,1,1,2,1,1,1,1,1,2,2,2,2,2,2,1,1,1,1,0,1,0,-0,0,-0,-0,0,1,2,2,2,2,3,3,4,4,4,5,5,4,5,6,7,7,6,6,7,7,7,7,8,7,6,6,5,5,5,5,5,4,4,3
440123,,,,,,,,,,,,,3,3,3,2,2,2,2,2,2,2,2,2,2,1,1,1,1,2,2,2,2,3,2,4,4,4,4,5,6,5,5,4,6,6,6,4,5,4,4,5,6,6,6,7,7,8,8,9,10,10,10,9,9,10,10,9,8,8,8,8,6,7
440127,,,,,,,,,,,,,2,3,2,2,2,3,4,3,2,2,1,3,3,4,6,6,5,4,4,4,4,6,7,7,7,6,5,6,8,10,11,11,11,11,11,11,9,10,10,9,8,8,7,7,8,7,6,4,5,4,3,2,2,3,0,-0,-1,-2,-2,-2,-1,-0
440227,,,,,,,,,,,,,-1,-1,-1,-0,1,1,1,1,1,1,1,1,1,1,2,2,2,2,2,2,2,2,2,2,2,2,2,2,2,2,2,2,2,3,3,3,4,4,4,4,3,3,3,4,4,4,3,4,5,6,6,7,7,8,8,9,9,9,9,9,8,7
440240,,,,,,,,,,,,,4,3,3,3,6,6,6,6,6,6,6,6,8,9,9,8,5,7,8,7,9,8,9,11,9,9,8,9,9,7,7,8,7,7,7,6,6,6,5,6,7,7,8,7,7,8,8,8,8,9,10,10,9,9,8,8,8,7,6,6,6,6
440254,,,,,,,,,,,,,1,1,1,1,2,2,2,2,1,1,1,2,2,2,2,1,0,0,0,1,1,1,1,1,1,1,1,2,2,3,3,3,3,3,3,3,4,4,4,3,3,3,4,4,5,5,5,5,4,4,4,4,4,4,4,4,3,3,3,4,4,4
520331,,,,,,,,,,,,,2,3,1,2,1,2,2,2,2,2,2,2,2,1,2,1,1,1,5,4,5,5,5,5,4,4,5,5,6,6,1,2,1,1,1,2,2,2,3,2,2,3,3,3,4,5,6,8,7,9,7,7,7,8,8,8,7,6,5,4,4,4
320108,,,,,,,,,,,,,8,8,10,7,7,7,7,7,7,7,4,4,4,4,3,3,3,3,6,5,6,5,6,8,8,8,6,6,5,6,4,4,3,3,7,5,5,7,8,8,9,8,8,8,8,8,4,4,6,5,4,11,11,11,11,11,11,12,11,15,14,15
320115,,,,,,,,,,,,,8,11,12,9,6,6,6,5,5,5,2,2,1,-2,-0,2,3,3,3,3,3,3,3,5,5,5,3,3,1,2,2,2,2,2,5,3,3,3,6,7,8,8,8,8,8,8,4,5,4,8,6,12,13,13,13,13,13,13,13,17,17,14
320122,,,,,,,,,,,,,5,5,5,5,5,5,4,5,4,4,1,1,1,1,3,4,4,4,4,4,4,4,4,8,8,8,5,4,4,4,4,5,5,5,8,5,5,5,5,5,6,6,6,6,6,6,2,2,2,2,2,10,10,10,11,11,11,11,11,14,17,17
320124,,,,,,,,,,,,,-4,-4,0,2,1,2,2,2,0,2,2,3,3,3,-2,-3,-0,-1,-0,-1,-1,-1,0,-1,-1,-1,-1,2,-2,-0,-0,0,1,1,1,-0,0,-0,-1,-1,0,-1,-1,-1,-1,-1,-1,-0,1,1,3,2,3,3,3,3,3,2,2,1,1,1
320206,,,,,,,,,,,,,9,11,12,11,8,8,8,8,7,7,3,2,2,1,2,-0,-2,-4,-3,4,5,4,2,5,6,3,1,3,5,7,6,0,-1,0,7,7,7,10,13,14,15,15,14,14,14,14,9,7,6,9,7,14,15,15,15,16,16,16,15,24,24,22
620318,,,,,,,,,,,,,-1,-1,0,-0,1,1,-1,-1,1,2,3,2,2,1,1,1,4,3,6,10,9,7,9,10,8,8,11,13,12,15,14,14,14,16,15,15,16,13,10,10,8,7,5,4,3,3,3,2,2,2,-4,2,0,1,-3,-2,-1,-2,-7,-2,-6,-5
620319,,,,,,,,,,,,,1,-0,3,1,5,4,4,0,-1,1,-2,0,-2,-3,-2,-0,-4,-1,-2,5,8,6,9,10,10,12,8,9,11,10,7,6,3,4,4,3,4,5,5,1,5,3,5,1,2,3,1,-0,1,2,3,5,0,2,3,4,2,1,4,4,1,-1
610115,,,,,,,,,,,,,,,,,,,,,,,,,,,,,,,,,,,,,,,,,,,,,,,,,,,,,,,,,,,,,,,,,,,,,,,,,-8,-7
610227,,,,,,,,,,,,,0,0,1,1,1,1,1,1,1,1,1,1,1,1,1,1,1,0,0,-0,0,0,0,1,1,1,1,1,1,2,1,1,1,1,1,1,2,2,2,2,3,3,3,3,3,3,3,3,3,3,3,3,3,2,2,3,3,3,3,3,2,3
610231,,,,,,,,,,,,,3,4,3,3,3,3,3,3,3,3,3,3,3,4,4,4,3,3,4,5,5,4,3,3,4,4,4,4,4,5,5,4,4,6,7,8,4,5,6,7,8,8,7,8,8,7,9,8,10,9,10,10,10,9,10,10,10,12,11,10,12,12
610232,,,,,,,,,,,,,6,5,5,5,4,4,3,3,3,4,3,4,4,5,4,4,4,3,3,4,3,3,3,0,2,2,3,3,3,5,5,3,4,3,4,7,5,6,6,7,8,7,6,9,8,9,8,9,9,9,8,10,9,9,10,9,9,9,9,9,9,9
610235,,,,,,,,,,,,,4,4,4,4,4,5,4,4,4,4,3,3,3,3,2,2,2,1,1,1,1,2,1,1,3,2,2,2,2,3,4,3,3,3,4,4,5,5,5,6,6,6,6,7,7,8,7,7,6,6,7,7,7,8,9,9,10,9,9,9,8,8
610236,,,,,,,,,,,,,2,2,1,2,1,2,1,1,1,1,1,1,3,3,3,3,3,3,2,1,2,2,2,2,0,-0,0,-0,-0,-0,1,2,3,3,4,4,3,4,3,4,5,6,6,7,6,6,6,7,7,7,8,9,8,7,8,7,7,6,6,5,6,7
610238,,,,,,,,,,,,,2,3,3,4,4,5,5,5,5,6,6,7,5,4,4,3,3,3,1,0,1,1,2,1,2,2,1,1,2,1,4,4,4,3,2,2,4,4,4,4,4,4,4,5,5,6,6,7,7,8,9,9,10,8,9,9,9,10,11,10,12,11
610242,,,,,,,,,,,,,,,,,,,,,,,,,,,,,,,,,,,,,,,,,,,,,,,,,,,,,,,,,,,,,7,7,9,10,11,11,12,12,13,10,9,10,9,8
620308,,,,,,,,,,,,,2,2,2,2,2,1,1,1,1,1,2,3,3,3,4,5,5,6,6,6,6,8,7,7,8,8,8,7,7,6,6,5,5,4,4,3,3,2,3,4,5,6,6,8,8,9,9,9,9,9,9,9,9,8,9,7,6,6,6,6,7,6
620315,,,,,,,,,,,,,4,4,4,4,4,5,4,3,2,2,3,3,3,3,3,3,3,2,3,3,3,2,1,1,1,1,1,1,0,2,1,1,1,1,2,3,3,2,3,3,4,3,3,4,4,5,4,4,4,5,4,4,5,5,5,4,4,5,5,6,5,5
610204,,,,,,,,,,,,,1,1,1,1,0,0,1,-0,-0,0,1,2,2,1,1,0,1,2,3,4,6,7,6,6,5,6,7,8,9,9,9,8,6,7,9,9,13,13,12,12,11,11,10,11,11,9,9,8,9,10,10,9,9,9,10,9,10,9,7,6,2,1
610303,,,,,,,,,,,,,3,2,3,6,3,5,4,8,4,1,2,3,4,3,4,3,4,4,7,2,2,5,2,4,-0,-2,-5,-4,3,1,-0,4,1,3,5,5,6,11,14,14,11,8,7,7,11,14,11,12,14,12,9,9,7,10,8,9,7,5,3,2,2,3
620303,,,,,,,,,,,,,4,4,4,3,2,2,2,1,0,-0,-0,1,1,2,3,3,4,5,5,6,7,8,9,9,9,11,10,9,9,9,9,8,8,8,8,8,8,7,6,7,8,7,7,7,5,6,4,4,4,4,4,4,4,5,5,5,7,6,6,6,6,5
620307,,,,,,,,,,,,,28,23,21,19,13,8,3,-1,-3,-5,-3,-1,0,-1,-4,-7,-10,-7,-5,1,5,10,13,14,17,18,21,21,28,30,34,38,38,40,41,45,44,44,42,49,48,48,49,35,28,18,10,-1,-8,-9,-10,-9,-6,-9,-12,-15,-17,-18,-18,-15,-13,-13
